id,ts,user,item,market,loc,amount
u0009_marico_soap_dailyneeds_bangalore_2019-08-11,2019-008-11,u0009,marico_soap,dailyneeds,,130.5
u0009_dabur_salt_bigbazaar_pune_2019-11-01,2019-11-01,u0009,dabur_salt,bigbazaar,,416.0
u0010_britannia_milk_spar_bangalore_2019-08-04,2019-08-04,u0010,britannia_milk,spar,,110.5
u0003_patanjali_sugar_walmart_bangalore_2019-02-20,2019-02-20,u0003,patanjali_sugar,walmart,,235.0
u0009_amul_cheese_bigbazaar_chennai_2019-03-17,2019-03-17,u0009,amul_cheese,bigbazaar,,282.0
u0008_itc_milk_walmart_mumbai_2019-10-06,2019-10-06,u0008,itc_milk,walmart,,234.0
u0010_amul_butter_spencers_pune_2019-11-14,2019-11-14,u0010,amul_butter,spencers,,267.0
u0005_hindustanlever_pulse_bigbazaar_kolkata_2019-03-11,2019-03-11,u0005,hindustanlever_pulse,bigbazaar,,185.5
u0003_itc_yoghurt_amazonfresh_pune_2019-10-17,2019-10-17,u0003,itc_yoghurt,amazonfresh,,28.5
u0003_britannia_butter_bigbazaar_kolkata_2019-04-29,2019-04-29,u0003,britannia_butter,bigbazaar,,416.0
u0006_hindustanlever_pulse_m.k.ahmed_kolkata_2019-06-13,2019-06-13,u0006,hindustanlever_pulse,m.k.ahmed,,355.5
u0001_britannia_oil_walmart_bangalore_2019-04-03,2019-04-03,u0001,britannia_oil,walmart,,308.0
u0003_dabur_cheese_nilgiris_delhi_2019-11-12,2019-11-12,u0003,dabur_cheese,nilgiris,,262.5
u0005_patanjali_oil_namdhari_delhi_2019-03-18,2019-03-18,u0005,patanjali_oil,namdhari,,10.0
u0004_dabur_cheese_reliancefresh_bangalore_2019-06-29,2019-06-29,u0004,dabur_cheese,reliancefresh,,275.5
u0003_patanjali_honey_bigbazaar_bangalore_2019-01-08,2019-01-08,u0003,patanjali_honey,bigbazaar,,260.5
u0001_hindustanlever_shampoo_organicworld_chennai_2019-08-01,2019-08-01,u0001,hindustanlever_shampoo,organicworld,,56.0
u0009_nestle_cheese_foodhall_pune_2019-11-13,2019-11-13,u0009,nestle_cheese,foodhall,,494.5
u0007_nestle_sugar_m.k.ahmed_chennai_2019-11-05,2019-11-05,u0007,nestle_sugar,m.k.ahmed,,476.5
u0009_itc_pulse_starbazaar_chennai_2019-10-11,2019-10-11,u0009,itc_pulse,starbazaar,,79.5
u0004_dabur_flour_foodhall_mumbai_2019-03-18,2019-03-18,u0004,dabur_flour,foodhall,,82.0
u0002_dabur_honey_bigbasket_hyderabad_2019-09-30,2019-09-30,u0002,dabur_honey,bigbasket,,126.0
u0008_itc_salt_m.k.ahmed_bangalore_2019-01-29,2019-01-29,u0008,itc_salt,m.k.ahmed,,383.0
u0006_britannia_shampoo_organicworld_chennai_2019-10-05,2019-10-05,u0006,britannia_shampoo,organicworld,,355.5
u0007_itc_butter_spar_mumbai_2019-06-11,2019-06-11,u0007,itc_butter,spar,,82.0
u0005_hindustanlever_flour_dmart_pune_2019-03-10,2019-03-10,u0005,hindustanlever_flour,dmart,,431.0
u0008_amul_cheese_dmart_delhi_2019-06-24,2019-06-24,u0008,amul_cheese,dmart,,205.0
u0001_britannia_sugar_nilgiris_chennai_2019-04-12,2019-04-12,u0001,britannia_sugar,nilgiris,,47.5
u0009_itc_yoghurt_spar_bangalore_2019-02-21,2019-02-21,u0009,itc_yoghurt,spar,,92.5
u0005_itc_pulse_more_pune_2019-07-21,2019-07-21,u0005,itc_pulse,more,,354.0
u0010_itc_shampoo_m.k.ahmed_mumbai_2019-04-27,2019-04-27,u0010,itc_shampoo,m.k.ahmed,,426.0
u0004_britannia_honey_bigbazaar_hyderabad_2019-11-04,2019-11-04,u0004,britannia_honey,bigbazaar,,495.0
u0001_britannia_bread_namdhari_hyderabad_2019-09-17,2019-09-17,u0001,britannia_bread,namdhari,,296.5
u0005_parle_yoghurt_foodworld_hyderabad_2019-09-07,2019-09-07,u0005,parle_yoghurt,foodworld,,191.5
u0007_patanjali_flour_foodhall_delhi_2019-08-15,2019-08-15,u0007,patanjali_flour,foodhall,,377.5
u0003_itc_sugar_organicworld_ahmedabad_2019-06-27,2019-06-27,u0003,itc_sugar,organicworld,,336.5
u0002_patanjali_rice_bigbasket_pune_2019-03-04,2019-03-04,u0002,patanjali_rice,bigbasket,,454.5
u0006_parle_salt_dailyneeds_bangalore_2019-09-29,2019-09-29,u0006,parle_salt,dailyneeds,,63.5
u0001_britannia_yoghurt_more_bangalore_2019-03-31,2019-03-31,u0001,britannia_yoghurt,more,,436.5
u0007_dabur_vinegar_reliancefresh_bangalore_2019-01-08,2019-01-08,u0007,dabur_vinegar,reliancefresh,,133.0
u0005_patanjali_honey_spencers_kolkata_2019-09-15,2019-09-15,u0005,patanjali_honey,spencers,,35.5
u0008_itc_bread_dmart_ahmedabad_2019-01-29,2019-01-29,u0008,itc_bread,dmart,,311.0
u0002_hindustanlever_rice_nilgiris_bangalore_2018-12-24,2018-12-24,u0002,hindustanlever_rice,nilgiris,,9.5
u0009_britannia_shampoo_organicworld_hyderabad_2019-11-16,2019-11-16,u0009,britannia_shampoo,organicworld,,160.0
u0008_amul_cheese_amazonfresh_mumbai_2019-02-21,2019-02-21,u0008,amul_cheese,amazonfresh,,253.5
u0009_britannia_shampoo_foodhall_mumbai_2019-07-28,2019-07-28,u0009,britannia_shampoo,foodhall,,316.0
u0008_nestle_cheese_bigbasket_bangalore_2019-01-10,2019-01-10,u0008,nestle_cheese,bigbasket,,94.0
u0005_dabur_cheese_organicworld_mumbai_2019-10-19,2019-10-19,u0005,dabur_cheese,organicworld,,420.5
u0006_hindustanlever_flour_m.k.ahmed_ahmedabad_2019-09-20,2019-09-20,u0006,hindustanlever_flour,m.k.ahmed,,374.0
u0004_itc_vinegar_organicworld_hyderabad_2019-09-30,2019-09-30,u0004,itc_vinegar,organicworld,,384.5
u0004_nestle_milk_foodhall_kolkata_2019-01-08,2019-01-08,u0004,nestle_milk,foodhall,,319.0
u0002_parle_milk_m.k.ahmed_bangalore_2019-07-22,2019-07-22,u0002,parle_milk,m.k.ahmed,,82.0
u0004_patanjali_salt_walmart_hyderabad_2019-02-02,2019-02-02,u0004,patanjali_salt,walmart,,257.0
u0003_itc_shampoo_spar_bangalore_2019-07-04,2019-07-04,u0003,itc_shampoo,spar,,441.0
u0009_amul_yoghurt_nilgiris_pune_2019-06-25,2019-06-25,u0009,amul_yoghurt,nilgiris,,15.0
u0007_dabur_cheese_bigbazaar_mumbai_2019-05-28,2019-05-28,u0007,dabur_cheese,bigbazaar,,150.0
u0003_patanjali_salt_reliancefresh_kolkata_2019-05-13,2019-05-13,u0003,patanjali_salt,reliancefresh,,237.0
u0008_godrej_soap_m.k.ahmed_bangalore_2019-03-29,2019-03-29,u0008,godrej_soap,m.k.ahmed,,419.0
u0005_godrej_shampoo_starbazaar_bangalore_2019-04-30,2019-04-30,u0005,godrej_shampoo,starbazaar,,462.5
u0005_parle_salt_dmart_chennai_2018-12-21,2018-12-21,u0005,parle_salt,dmart,,327.5
u0002_britannia_milk_hypercity_pune_2019-09-19,2019-09-19,u0002,britannia_milk,hypercity,,67.5
u0005_itc_pulse_starbazaar_mumbai_2019-10-19,2019-10-19,u0005,itc_pulse,starbazaar,,353.0
u0002_itc_bread_foodworld_kolkata_2019-11-13,2019-11-13,u0002,itc_bread,foodworld,,117.5
u0002_patanjali_cheese_foodhall_ahmedabad_2019-11-02,2019-11-02,u0002,patanjali_cheese,foodhall,,120.5
u0006_itc_honey_m.k.ahmed_bangalore_2019-10-20,2019-10-20,u0006,itc_honey,m.k.ahmed,,277.5
u0004_britannia_salt_m.k.ahmed_delhi_2019-06-20,2019-06-20,u0004,britannia_salt,m.k.ahmed,,300.5
u0007_itc_milk_bigbasket_hyderabad_2019-05-31,2019-05-31,u0007,itc_milk,bigbasket,,219.0
u0005_dabur_rice_more_chennai_2018-12-02,2018-12-02,u0005,dabur_rice,more,,392.0
u0005_itc_oil_bigbazaar_bangalore_2019-01-03,2019-01-03,u0005,itc_oil,bigbazaar,,413.5
u0010_britannia_sugar_bigbasket_kolkata_2018-12-15,2018-12-15,u0010,britannia_sugar,bigbasket,,352.5
u0008_itc_rice_more_delhi_2019-05-20,2019-05-20,u0008,itc_rice,more,,317.0
u0005_hindustanlever_rice_dmart_hyderabad_2019-06-25,2019-06-25,u0005,hindustanlever_rice,dmart,,176.5
u0010_itc_milk_spencers_ahmedabad_2019-05-05,2019-05-05,u0010,itc_milk,spencers,,270.5
u0004_patanjali_cheese_m.k.ahmed_chennai_2019-02-02,2019-02-02,u0004,patanjali_cheese,m.k.ahmed,,115.0
u0003_patanjali_yoghurt_bigbasket_kolkata_2019-07-28,2019-07-28,u0003,patanjali_yoghurt,bigbasket,,384.5
u0006_itc_salt_walmart_hyderabad_2019-05-13,2019-05-13,u0006,itc_salt,walmart,,199.0
u0009_dabur_bread_reliancefresh_chennai_2019-06-05,2019-06-05,u0009,dabur_bread,reliancefresh,,334.0
u0006_dabur_vinegar_nilgiris_chennai_2019-08-25,2019-08-25,u0006,dabur_vinegar,nilgiris,,161.0
u0001_itc_honey_more_chennai_2018-12-14,2018-12-14,u0001,itc_honey,more,,301.5
u0007_hindustanlever_shampoo_hypercity_bangalore_2019-09-29,2019-09-29,u0007,hindustanlever_shampoo,hypercity,,172.5
u0009_nestle_honey_organicworld_kolkata_2018-11-27,2018-11-27,u0009,nestle_honey,organicworld,,279.5
u0002_parle_sugar_m.k.ahmed_kolkata_2019-08-02,2019-08-02,u0002,parle_sugar,m.k.ahmed,,90.0
u0001_hindustanlever_shampoo_nilgiris_chennai_2019-03-10,2019-03-10,u0001,hindustanlever_shampoo,nilgiris,,118.0
u0006_nestle_yoghurt_hypercity_chennai_2019-07-21,2019-07-21,u0006,nestle_yoghurt,hypercity,,58.0
u0007_patanjali_butter_organicworld_chennai_2019-04-10,2019-04-10,u0007,patanjali_butter,organicworld,,11.5
u0001_itc_salt_more_chennai_2019-07-22,2019-07-22,u0001,itc_salt,more,,448.0
u0001_marico_oil_foodworld_mumbai_2019-09-20,2019-09-20,u0001,marico_oil,foodworld,,140.0
u0007_britannia_soap_walmart_kolkata_2019-04-17,2019-04-17,u0007,britannia_soap,walmart,,112.5
u0009_dabur_bread_spar_ahmedabad_2019-11-15,2019-11-15,u0009,dabur_bread,spar,,334.5
u0007_itc_rice_spencers_mumbai_2019-06-28,2019-06-28,u0007,itc_rice,spencers,,390.5
u0004_itc_salt_foodhall_pune_2019-01-29,2019-01-29,u0004,itc_salt,foodhall,,494.5
u0004_hindustanlever_rice_foodhall_bangalore_2018-12-20,2018-12-20,u0004,hindustanlever_rice,foodhall,,168.5
u0004_britannia_bread_dmart_mumbai_2019-08-22,2019-08-22,u0004,britannia_bread,dmart,,487.5
u0008_hindustanlever_soap_organicworld_ahmedabad_2019-08-22,2019-08-22,u0008,hindustanlever_soap,organicworld,,90.0
u0010_nestle_cheese_dmart_bangalore_2019-10-29,2019-10-29,u0010,nestle_cheese,dmart,,466.5
u0010_patanjali_bread_organicworld_pune_2019-04-27,2019-04-27,u0010,patanjali_bread,organicworld,,208.0
u0007_parle_salt_amazonfresh_hyderabad_2019-10-14,2019-10-14,u0007,parle_salt,amazonfresh,,382.0
u0010_dabur_salt_spar_hyderabad_2019-05-03,2019-05-03,u0010,dabur_salt,spar,,28.5
u0009_hindustanlever_vinegar_nature_hyderabad_2019-04-15,2019-04-15,u0009,hindustanlever_vinegar,nature,,12.5
u0009_itc_bread_namdhari_kolkata_2019-07-26,2019-07-26,u0009,itc_bread,namdhari,,427.5
u0007_patanjali_milk_bigbasket_mumbai_2019-07-03,2019-07-03,u0007,patanjali_milk,bigbasket,,29.5
u0008_patanjali_sugar_m.k.ahmed_hyderabad_2019-05-16,2019-05-16,u0008,patanjali_sugar,m.k.ahmed,,416.5
u0010_hindustanlever_soap_namdhari_ahmedabad_2018-11-24,2018-11-24,u0010,hindustanlever_soap,namdhari,,497.0
u0003_britannia_honey_hypercity_ahmedabad_2019-05-22,2019-05-22,u0003,britannia_honey,hypercity,,116.0
u0005_patanjali_cheese_foodhall_pune_2019-06-06,2019-06-06,u0005,patanjali_cheese,foodhall,,249.0
u0007_godrej_soap_hypercity_hyderabad_2019-10-09,2019-10-09,u0007,godrej_soap,hypercity,,135.0
u0002_patanjali_salt_spencers_kolkata_2018-12-01,2018-12-01,u0002,patanjali_salt,spencers,,305.5
u0007_itc_rice_m.k.ahmed_ahmedabad_2019-10-28,2019-10-28,u0007,itc_rice,m.k.ahmed,,280.0
u0001_dabur_oil_nature_hyderabad_2019-05-30,2019-05-30,u0001,dabur_oil,nature,,385.0
u0009_hindustanlever_sugar_spencers_bangalore_2019-05-11,2019-05-11,u0009,hindustanlever_sugar,spencers,,193.0
u0001_itc_salt_nilgiris_mumbai_2019-10-20,2019-10-20,u0001,itc_salt,nilgiris,,127.0
u0010_patanjali_butter_nature_mumbai_2019-04-27,2019-04-27,u0010,patanjali_butter,nature,,96.5
u0005_hindustanlever_flour_hypercity_pune_2019-10-16,2019-10-16,u0005,hindustanlever_flour,hypercity,,380.0
u0008_nestle_yoghurt_walmart_ahmedabad_2019-05-08,2019-05-08,u0008,nestle_yoghurt,walmart,,341.0
u0005_hindustanlever_flour_walmart_hyderabad_2019-06-10,2019-06-10,u0005,hindustanlever_flour,walmart,,312.5
u0003_itc_vinegar_walmart_chennai_2019-02-07,2019-02-07,u0003,itc_vinegar,walmart,,373.0
u0006_itc_shampoo_bigbazaar_ahmedabad_2019-04-27,2019-04-27,u0006,itc_shampoo,bigbazaar,,182.0
u0001_itc_bread_foodhall_chennai_2018-12-08,2018-12-08,u0001,itc_bread,foodhall,,90.5
u0003_britannia_soap_amazonfresh_ahmedabad_2019-02-22,2019-02-22,u0003,britannia_soap,amazonfresh,,355.5
u0004_hindustanlever_salt_bigbazaar_mumbai_2019-08-24,2019-08-24,u0004,hindustanlever_salt,bigbazaar,,346.5
u0002_britannia_bread_more_hyderabad_2019-05-17,2019-05-17,u0002,britannia_bread,more,,84.5
u0004_hindustanlever_vinegar_walmart_chennai_2019-07-12,2019-07-12,u0004,hindustanlever_vinegar,walmart,,22.5
u0003_hindustanlever_vinegar_bigbasket_kolkata_2018-12-31,2018-12-31,u0003,hindustanlever_vinegar,bigbasket,,146.5
u0001_amul_milk_hypercity_ahmedabad_2019-10-29,2019-10-29,u0001,amul_milk,hypercity,,255.0
u0004_dabur_oil_nilgiris_mumbai_2019-01-19,2019-01-19,u0004,dabur_oil,nilgiris,,219.0
u0004_patanjali_honey_walmart_delhi_2019-03-05,2019-03-05,u0004,patanjali_honey,walmart,,391.5
u0003_hindustanlever_soap_m.k.ahmed_pune_2019-01-07,2019-01-07,u0003,hindustanlever_soap,m.k.ahmed,,294.5
u0010_itc_oil_amazonfresh_ahmedabad_2019-02-16,2019-02-16,u0010,itc_oil,amazonfresh,,256.0
u0001_dabur_honey_starbazaar_pune_2019-05-29,2019-05-29,u0001,dabur_honey,starbazaar,,58.0
u0006_hindustanlever_honey_amazonfresh_delhi_2019-04-24,2019-04-24,u0006,hindustanlever_honey,amazonfresh,,154.5
u0010_patanjali_sugar_organicworld_mumbai_2019-03-18,2019-03-18,u0010,patanjali_sugar,organicworld,,426.5
u0009_itc_bread_walmart_pune_2018-12-12,2018-12-12,u0009,itc_bread,walmart,,379.0
u0009_patanjali_sugar_dmart_hyderabad_2019-11-02,2019-11-02,u0009,patanjali_sugar,dmart,,398.0
u0008_patanjali_salt_spencers_mumbai_2019-10-29,2019-10-29,u0008,patanjali_salt,spencers,,180.5
u0005_britannia_oil_m.k.ahmed_bangalore_2019-06-23,2019-06-23,u0005,britannia_oil,m.k.ahmed,,2.5
u0002_britannia_soap_spar_mumbai_2019-10-29,2019-10-29,u0002,britannia_soap,spar,,339.5
u0006_patanjali_soap_nature_delhi_2019-05-24,2019-05-24,u0006,patanjali_soap,nature,,418.5
u0007_dabur_honey_spar_ahmedabad_2019-02-16,2019-02-16,u0007,dabur_honey,spar,,26.0
u0003_nestle_sugar_nilgiris_pune_2018-12-18,2018-12-18,u0003,nestle_sugar,nilgiris,,307.0
u0001_patanjali_rice_more_ahmedabad_2019-03-29,2019-03-29,u0001,patanjali_rice,more,,147.5
u0008_patanjali_oil_spencers_chennai_2019-07-12,2019-07-12,u0008,patanjali_oil,spencers,,52.5
u0008_dabur_flour_more_kolkata_2019-09-16,2019-09-16,u0008,dabur_flour,more,,273.5
u0005_nestle_yoghurt_starbazaar_delhi_2019-04-13,2019-04-13,u0005,nestle_yoghurt,starbazaar,,404.0
u0005_hindustanlever_soap_spar_kolkata_2019-03-20,2019-03-20,u0005,hindustanlever_soap,spar,,89.0
u0010_hindustanlever_soap_reliancefresh_bangalore_2019-07-24,2019-07-24,u0010,hindustanlever_soap,reliancefresh,,7.5
u0002_patanjali_shampoo_bigbazaar_bangalore_2019-05-08,2019-05-08,u0002,patanjali_shampoo,bigbazaar,,71.5
u0002_dabur_shampoo_m.k.ahmed_kolkata_2019-09-21,2019-09-21,u0002,dabur_shampoo,m.k.ahmed,,468.5
u0007_dabur_sugar_foodworld_pune_2018-11-24,2018-11-24,u0007,dabur_sugar,foodworld,,263.0
u0004_marico_soap_spar_bangalore_2018-11-20,2018-11-20,u0004,marico_soap,spar,,415.5
u0008_britannia_butter_hypercity_delhi_2019-01-04,2019-01-04,u0008,britannia_butter,hypercity,,130.5
u0007_patanjali_shampoo_nilgiris_chennai_2019-05-19,2019-05-19,u0007,patanjali_shampoo,nilgiris,,34.0
u0008_hindustanlever_oil_nilgiris_hyderabad_2018-11-21,2018-11-21,u0008,hindustanlever_oil,nilgiris,,4.0
u0002_dabur_cheese_spar_ahmedabad_2019-08-30,2019-08-30,u0002,dabur_cheese,spar,,215.0
u0008_nestle_cheese_amazonfresh_mumbai_2019-01-03,2019-01-03,u0008,nestle_cheese,amazonfresh,,54.0
u0007_hindustanlever_soap_nilgiris_hyderabad_2019-10-24,2019-10-24,u0007,hindustanlever_soap,nilgiris,,309.5
u0007_patanjali_flour_bigbazaar_chennai_2018-12-07,2018-12-07,u0007,patanjali_flour,bigbazaar,,122.5
u0001_britannia_bread_nature_ahmedabad_2019-07-14,2019-07-14,u0001,britannia_bread,nature,,482.0
u0006_parle_yoghurt_namdhari_hyderabad_2019-01-16,2019-01-16,u0006,parle_yoghurt,namdhari,,9.5
u0004_itc_rice_organicworld_bangalore_2019-08-20,2019-08-20,u0004,itc_rice,organicworld,,366.0
u0009_patanjali_honey_nilgiris_ahmedabad_2019-04-18,2019-04-18,u0009,patanjali_honey,nilgiris,,41.5
u0002_patanjali_butter_nature_mumbai_2019-08-27,2019-08-27,u0002,patanjali_butter,nature,,67.0
u0006_nestle_honey_foodhall_mumbai_2019-03-15,2019-03-15,u0006,nestle_honey,foodhall,,372.0
u0009_dabur_butter_namdhari_chennai_2019-03-16,2019-03-16,u0009,dabur_butter,namdhari,,93.5
u0003_hindustanlever_sugar_namdhari_pune_2018-11-23,2018-11-23,u0003,hindustanlever_sugar,namdhari,,14.0
u0002_britannia_cheese_hypercity_pune_2018-12-29,2018-12-29,u0002,britannia_cheese,hypercity,,10.0
u0005_patanjali_yoghurt_bigbazaar_mumbai_2018-12-06,2018-12-06,u0005,patanjali_yoghurt,bigbazaar,,100.0
u0007_marico_oil_foodhall_chennai_2019-04-14,2019-04-14,u0007,marico_oil,foodhall,,469.5
u0002_britannia_soap_amazonfresh_bangalore_2019-01-18,2019-01-18,u0002,britannia_soap,amazonfresh,,244.5
u0010_itc_rice_foodworld_chennai_2019-10-03,2019-10-03,u0010,itc_rice,foodworld,,331.5
u0002_itc_soap_nilgiris_delhi_2019-09-07,2019-09-07,u0002,itc_soap,nilgiris,,215.0
u0002_patanjali_vinegar_reliancefresh_chennai_2019-04-22,2019-04-22,u0002,patanjali_vinegar,reliancefresh,,304.0
u0008_parle_salt_hypercity_ahmedabad_2019-05-21,2019-05-21,u0008,parle_salt,hypercity,,359.5
u0006_itc_sugar_reliancefresh_bangalore_2019-05-14,2019-05-14,u0006,itc_sugar,reliancefresh,,422.5
u0010_dabur_soap_bigbasket_chennai_2019-09-13,2019-09-13,u0010,dabur_soap,bigbasket,,399.5
u0010_britannia_honey_walmart_mumbai_2019-09-05,2019-09-05,u0010,britannia_honey,walmart,,245.0
u0001_dabur_vinegar_walmart_mumbai_2019-04-13,2019-04-13,u0001,dabur_vinegar,walmart,,288.5
u0007_britannia_vinegar_spar_mumbai_2019-05-11,2019-05-11,u0007,britannia_vinegar,spar,,393.0
u0005_itc_honey_starbazaar_delhi_2019-02-12,2019-02-12,u0005,itc_honey,starbazaar,,340.0
u0006_marico_shampoo_bigbasket_delhi_2019-03-26,2019-03-26,u0006,marico_shampoo,bigbasket,,453.0
u0009_itc_milk_dmart_bangalore_2018-11-20,2018-11-20,u0009,itc_milk,dmart,,258.5
u0003_itc_flour_bigbasket_chennai_2019-02-14,2019-02-14,u0003,itc_flour,bigbasket,,341.0
u0002_dabur_salt_foodhall_pune_2019-05-10,2019-05-10,u0002,dabur_salt,foodhall,,71.5
u0005_patanjali_shampoo_bigbasket_delhi_2019-09-26,2019-09-26,u0005,patanjali_shampoo,bigbasket,,492.5
u0005_hindustanlever_honey_more_bangalore_2019-07-31,2019-07-31,u0005,hindustanlever_honey,more,,209.0
u0003_britannia_cheese_bigbazaar_delhi_2019-04-30,2019-04-30,u0003,britannia_cheese,bigbazaar,,146.5
u0008_dabur_sugar_spencers_pune_2019-07-17,2019-07-17,u0008,dabur_sugar,spencers,,204.5
u0002_amul_butter_bigbazaar_chennai_2019-02-03,2019-02-03,u0002,amul_butter,bigbazaar,,91.5
u0010_hindustanlever_shampoo_dmart_hyderabad_2019-06-02,2019-06-02,u0010,hindustanlever_shampoo,dmart,,80.5
u0008_nestle_bread_reliancefresh_kolkata_2019-07-09,2019-07-09,u0008,nestle_bread,reliancefresh,,21.0
u0004_britannia_bread_hypercity_hyderabad_2019-05-05,2019-05-05,u0004,britannia_bread,hypercity,,41.5
u0008_britannia_shampoo_organicworld_pune_2019-08-27,2019-08-27,u0008,britannia_shampoo,organicworld,,59.5
u0008_dabur_cheese_bigbasket_delhi_2018-12-15,2018-12-15,u0008,dabur_cheese,bigbasket,,44.0
u0009_patanjali_soap_nature_chennai_2019-03-01,2019-03-01,u0009,patanjali_soap,nature,,152.5
u0007_dabur_cheese_organicworld_kolkata_2019-07-02,2019-07-02,u0007,dabur_cheese,organicworld,,212.0
u0004_nestle_butter_nature_delhi_2019-10-01,2019-10-01,u0004,nestle_butter,nature,,281.0
u0009_itc_milk_reliancefresh_pune_2019-06-16,2019-06-16,u0009,itc_milk,reliancefresh,,354.0
u0002_dabur_butter_more_mumbai_2019-02-22,2019-02-22,u0002,dabur_butter,more,,425.5
u0004_nestle_yoghurt_bigbasket_kolkata_2018-12-19,2018-12-19,u0004,nestle_yoghurt,bigbasket,,81.5
u0010_amul_yoghurt_bigbasket_hyderabad_2019-05-15,2019-05-15,u0010,amul_yoghurt,bigbasket,,315.5
u0009_itc_vinegar_bigbazaar_kolkata_2019-05-21,2019-05-21,u0009,itc_vinegar,bigbazaar,,160.5
u0001_hindustanlever_vinegar_walmart_delhi_2019-07-13,2019-07-13,u0001,hindustanlever_vinegar,walmart,,317.5
u0008_itc_cheese_dailyneeds_chennai_2019-05-13,2019-05-13,u0008,itc_cheese,dailyneeds,,319.5
u0008_itc_soap_spar_pune_2019-08-08,2019-08-08,u0008,itc_soap,spar,,266.5
u0003_patanjali_honey_bigbasket_ahmedabad_2019-09-18,2019-09-18,u0003,patanjali_honey,bigbasket,,207.0
u0002_patanjali_butter_spar_bangalore_2019-01-22,2019-01-22,u0002,patanjali_butter,spar,,191.5
u0003_britannia_yoghurt_dmart_kolkata_2019-03-31,2019-03-31,u0003,britannia_yoghurt,dmart,,126.0
u0002_itc_honey_spar_delhi_2019-04-06,2019-04-06,u0002,itc_honey,spar,,212.0
u0001_nestle_sugar_spencers_pune_2019-05-31,2019-05-31,u0001,nestle_sugar,spencers,,495.5
u0009_itc_shampoo_reliancefresh_delhi_2019-09-02,2019-09-02,u0009,itc_shampoo,reliancefresh,,338.0
u0001_patanjali_flour_amazonfresh_hyderabad_2019-04-30,2019-04-30,u0001,patanjali_flour,amazonfresh,,254.5
u0003_dabur_milk_spencers_hyderabad_2019-10-30,2019-10-30,u0003,dabur_milk,spencers,,102.5
u0005_parle_milk_foodworld_delhi_2019-03-10,2019-03-10,u0005,parle_milk,foodworld,,103.5
u0007_patanjali_cheese_nature_ahmedabad_2019-01-31,2019-01-31,u0007,patanjali_cheese,nature,,240.0
u0007_itc_soap_walmart_ahmedabad_2019-09-09,2019-09-09,u0007,itc_soap,walmart,,79.0
u0001_marico_oil_more_chennai_2019-08-07,2019-08-07,u0001,marico_oil,more,,167.5
u0001_itc_butter_starbazaar_bangalore_2019-04-20,2019-04-20,u0001,itc_butter,starbazaar,,476.5
u0010_britannia_soap_hypercity_chennai_2019-03-05,2019-03-05,u0010,britannia_soap,hypercity,,161.0
u0007_hindustanlever_pulse_more_kolkata_2019-08-10,2019-08-10,u0007,hindustanlever_pulse,more,,96.0
u0005_britannia_salt_more_ahmedabad_2019-09-05,2019-09-05,u0005,britannia_salt,more,,490.5
u0008_godrej_oil_dailyneeds_ahmedabad_2019-01-17,2019-01-17,u0008,godrej_oil,dailyneeds,,134.0
u0002_itc_vinegar_starbazaar_mumbai_2019-09-15,2019-09-15,u0002,itc_vinegar,starbazaar,,278.0
u0008_itc_oil_organicworld_chennai_2019-07-08,2019-07-08,u0008,itc_oil,organicworld,,355.0
u0002_hindustanlever_honey_nature_hyderabad_2019-03-30,2019-03-30,u0002,hindustanlever_honey,nature,,38.5
u0006_hindustanlever_salt_more_chennai_2019-03-31,2019-03-31,u0006,hindustanlever_salt,more,,365.0
u0010_itc_butter_reliancefresh_ahmedabad_2019-08-20,2019-08-20,u0010,itc_butter,reliancefresh,,214.5
u0002_hindustanlever_oil_hypercity_kolkata_2019-04-17,2019-04-17,u0002,hindustanlever_oil,hypercity,,463.5
u0010_itc_cheese_dmart_bangalore_2019-03-10,2019-03-10,u0010,itc_cheese,dmart,,64.5
u0004_patanjali_cheese_foodworld_bangalore_2019-10-18,2019-10-18,u0004,patanjali_cheese,foodworld,,97.5
u0005_hindustanlever_vinegar_bigbasket_kolkata_2019-01-31,2019-01-31,u0005,hindustanlever_vinegar,bigbasket,,442.5
u0009_nestle_cheese_foodworld_hyderabad_2019-10-19,2019-10-19,u0009,nestle_cheese,foodworld,,406.5
u0006_patanjali_cheese_hypercity_kolkata_2019-01-27,2019-01-27,u0006,patanjali_cheese,hypercity,,412.0
u0009_parle_sugar_spencers_chennai_2019-02-25,2019-02-25,u0009,parle_sugar,spencers,,270.0
u0010_britannia_pulse_amazonfresh_pune_2019-08-28,2019-08-28,u0010,britannia_pulse,amazonfresh,,156.0
u0010_itc_flour_m.k.ahmed_chennai_2019-06-04,2019-06-04,u0010,itc_flour,m.k.ahmed,,72.0
u0006_itc_oil_nature_mumbai_2018-12-21,2018-12-21,u0006,itc_oil,nature,,387.5
u0002_dabur_vinegar_organicworld_chennai_2019-04-14,2019-04-14,u0002,dabur_vinegar,organicworld,,138.5
u0003_itc_pulse_more_hyderabad_2019-09-15,2019-09-15,u0003,itc_pulse,more,,339.5
u0004_britannia_pulse_namdhari_delhi_2019-01-21,2019-01-21,u0004,britannia_pulse,namdhari,,487.5
u0008_britannia_cheese_dmart_chennai_2019-09-11,2019-09-11,u0008,britannia_cheese,dmart,,488.0
u0007_godrej_oil_namdhari_mumbai_2019-06-21,2019-06-21,u0007,godrej_oil,namdhari,,93.0
u0008_godrej_soap_organicworld_chennai_2019-10-04,2019-10-04,u0008,godrej_soap,organicworld,,384.5
u0010_itc_oil_spencers_bangalore_2019-09-17,2019-09-17,u0010,itc_oil,spencers,,392.0
u0007_nestle_butter_foodworld_mumbai_2019-06-12,2019-06-12,u0007,nestle_butter,foodworld,,397.5
u0010_dabur_salt_starbazaar_ahmedabad_2018-12-28,2018-12-28,u0010,dabur_salt,starbazaar,,179.5
u0009_patanjali_rice_walmart_bangalore_2019-02-22,2019-02-22,u0009,patanjali_rice,walmart,,222.0
u0004_itc_rice_namdhari_hyderabad_2019-10-03,2019-10-03,u0004,itc_rice,namdhari,,405.5
u0009_parle_milk_dailyneeds_bangalore_2019-11-12,2019-11-12,u0009,parle_milk,dailyneeds,,284.0
u0009_britannia_milk_namdhari_bangalore_2019-07-28,2019-07-28,u0009,britannia_milk,namdhari,,138.0
u0005_itc_soap_hypercity_ahmedabad_2019-08-14,2019-08-14,u0005,itc_soap,hypercity,,76.5
u0001_patanjali_sugar_amazonfresh_delhi_2019-06-16,2019-06-16,u0001,patanjali_sugar,amazonfresh,,176.5
u0005_patanjali_milk_reliancefresh_delhi_2019-01-29,2019-01-29,u0005,patanjali_milk,reliancefresh,,64.5
u0007_hindustanlever_rice_namdhari_kolkata_2019-02-19,2019-02-19,u0007,hindustanlever_rice,namdhari,,405.0
u0005_britannia_vinegar_m.k.ahmed_chennai_2019-06-10,2019-06-10,u0005,britannia_vinegar,m.k.ahmed,,63.5
u0009_amul_cheese_starbazaar_ahmedabad_2019-04-11,2019-04-11,u0009,amul_cheese,starbazaar,,7.5
u0006_dabur_rice_hypercity_chennai_2019-03-01,2019-03-01,u0006,dabur_rice,hypercity,,424.0
u0009_britannia_cheese_organicworld_bangalore_2019-03-21,2019-03-21,u0009,britannia_cheese,organicworld,,150.5
u0001_hindustanlever_salt_dmart_pune_2019-03-26,2019-03-26,u0001,hindustanlever_salt,dmart,,482.0
u0006_itc_honey_dmart_bangalore_2019-03-03,2019-03-03,u0006,itc_honey,dmart,,97.5
u0001_itc_flour_hypercity_hyderabad_2019-02-19,2019-02-19,u0001,itc_flour,hypercity,,497.0
u0010_patanjali_sugar_nature_ahmedabad_2019-02-07,2019-02-07,u0010,patanjali_sugar,nature,,39.0
u0003_patanjali_honey_namdhari_bangalore_2019-08-11,2019-08-11,u0003,patanjali_honey,namdhari,,272.5
u0005_dabur_rice_nilgiris_delhi_2019-10-15,2019-10-15,u0005,dabur_rice,nilgiris,,152.0
u0009_britannia_pulse_spencers_pune_2019-06-07,2019-06-07,u0009,britannia_pulse,spencers,,256.0
u0009_nestle_sugar_starbazaar_kolkata_2019-07-21,2019-07-21,u0009,nestle_sugar,starbazaar,,32.0
u0006_patanjali_salt_hypercity_delhi_2019-05-19,2019-05-19,u0006,patanjali_salt,hypercity,,245.0
u0003_itc_shampoo_walmart_pune_2019-05-07,2019-05-07,u0003,itc_shampoo,walmart,,241.5
u0003_britannia_milk_namdhari_hyderabad_2019-06-02,2019-06-02,u0003,britannia_milk,namdhari,,258.5
u0002_itc_salt_m.k.ahmed_bangalore_2019-08-26,2019-08-26,u0002,itc_salt,m.k.ahmed,,180.5
u0005_itc_yoghurt_spencers_mumbai_2019-10-09,2019-10-09,u0005,itc_yoghurt,spencers,,300.5
u0003_hindustanlever_pulse_spencers_chennai_2019-07-26,2019-07-26,u0003,hindustanlever_pulse,spencers,,419.5
u0008_godrej_shampoo_more_ahmedabad_2019-06-11,2019-06-11,u0008,godrej_shampoo,more,,50.5
u0005_patanjali_salt_organicworld_kolkata_2019-03-04,2019-03-04,u0005,patanjali_salt,organicworld,,472.0
u0001_itc_sugar_bigbazaar_chennai_2019-01-13,2019-01-13,u0001,itc_sugar,bigbazaar,,489.0
u0003_dabur_bread_dmart_mumbai_2018-12-10,2018-12-10,u0003,dabur_bread,dmart,,221.0
u0003_dabur_flour_namdhari_hyderabad_2019-06-25,2019-06-25,u0003,dabur_flour,namdhari,,133.5
u0004_patanjali_flour_spar_chennai_2019-06-17,2019-06-17,u0004,patanjali_flour,spar,,426.5
u0005_britannia_milk_spar_bangalore_2019-05-23,2019-05-23,u0005,britannia_milk,spar,,392.0
u0007_dabur_milk_bigbasket_kolkata_2019-03-31,2019-03-31,u0007,dabur_milk,bigbasket,,309.0
u0002_britannia_pulse_bigbasket_pune_2019-04-25,2019-04-25,u0002,britannia_pulse,bigbasket,,28.0
u0007_dabur_oil_dmart_delhi_2019-10-03,2019-10-03,u0007,dabur_oil,dmart,,259.0
u0004_patanjali_soap_foodworld_bangalore_2019-02-03,2019-02-03,u0004,patanjali_soap,foodworld,,416.0
u0005_patanjali_soap_amazonfresh_kolkata_2019-01-09,2019-01-09,u0005,patanjali_soap,amazonfresh,,141.5
u0004_godrej_soap_nilgiris_chennai_2019-11-18,2019-11-18,u0004,godrej_soap,nilgiris,,105.5
u0007_parle_milk_starbazaar_bangalore_2019-06-18,2019-06-18,u0007,parle_milk,starbazaar,,54.0
u0005_itc_cheese_m.k.ahmed_chennai_2019-02-25,2019-02-25,u0005,itc_cheese,m.k.ahmed,,227.5
u0009_britannia_sugar_dailyneeds_ahmedabad_2019-07-03,2019-07-03,u0009,britannia_sugar,dailyneeds,,168.0
u0008_godrej_shampoo_more_chennai_2019-03-06,2019-03-06,u0008,godrej_shampoo,more,,467.0
u0010_dabur_soap_spencers_ahmedabad_2019-09-29,2019-09-29,u0010,dabur_soap,spencers,,15.5
u0006_dabur_shampoo_amazonfresh_ahmedabad_2018-12-25,2018-12-25,u0006,dabur_shampoo,amazonfresh,,181.0
u0001_hindustanlever_honey_amazonfresh_hyderabad_2019-02-15,2019-02-15,u0001,hindustanlever_honey,amazonfresh,,186.0
u0009_itc_sugar_starbazaar_mumbai_2018-11-20,2018-11-20,u0009,itc_sugar,starbazaar,,284.0
u0002_itc_soap_foodworld_delhi_2019-07-02,2019-07-02,u0002,itc_soap,foodworld,,494.0
u0003_dabur_rice_dmart_mumbai_2018-12-13,2018-12-13,u0003,dabur_rice,dmart,,208.5
u0001_patanjali_rice_namdhari_pune_2019-09-05,2019-09-05,u0001,patanjali_rice,namdhari,,113.0
u0002_patanjali_soap_bigbasket_kolkata_2019-08-02,2019-08-02,u0002,patanjali_soap,bigbasket,,141.5
u0005_hindustanlever_salt_amazonfresh_pune_2019-07-31,2019-07-31,u0005,hindustanlever_salt,amazonfresh,,101.5
u0002_patanjali_cheese_amazonfresh_ahmedabad_2019-09-02,2019-09-02,u0002,patanjali_cheese,amazonfresh,,277.0
u0003_godrej_oil_bigbasket_bangalore_2019-09-27,2019-09-27,u0003,godrej_oil,bigbasket,,55.5
u0003_itc_rice_nilgiris_kolkata_2019-03-18,2019-03-18,u0003,itc_rice,nilgiris,,39.0
u0009_britannia_salt_foodworld_delhi_2019-10-13,2019-10-13,u0009,britannia_salt,foodworld,,359.0
u0010_britannia_cheese_m.k.ahmed_ahmedabad_2019-06-29,2019-06-29,u0010,britannia_cheese,m.k.ahmed,,134.5
u0002_amul_yoghurt_spar_chennai_2019-10-29,2019-10-29,u0002,amul_yoghurt,spar,,181.5
u0003_godrej_oil_spar_hyderabad_2019-03-03,2019-03-03,u0003,godrej_oil,spar,,342.0
u0006_patanjali_pulse_spar_bangalore_2019-01-06,2019-01-06,u0006,patanjali_pulse,spar,,449.0
u0003_dabur_sugar_dailyneeds_pune_2019-07-03,2019-07-03,u0003,dabur_sugar,dailyneeds,,192.5
u0002_britannia_cheese_nilgiris_chennai_2019-07-23,2019-07-23,u0002,britannia_cheese,nilgiris,,24.5
u0001_dabur_shampoo_foodworld_mumbai_2019-03-21,2019-03-21,u0001,dabur_shampoo,foodworld,,92.5
u0009_patanjali_soap_walmart_mumbai_2019-08-26,2019-08-26,u0009,patanjali_soap,walmart,,264.0
u0004_itc_bread_dmart_kolkata_2019-01-13,2019-01-13,u0004,itc_bread,dmart,,25.5
u0003_dabur_salt_dmart_chennai_2019-09-11,2019-09-11,u0003,dabur_salt,dmart,,476.5
u0001_britannia_salt_reliancefresh_mumbai_2019-01-16,2019-01-16,u0001,britannia_salt,reliancefresh,,220.0
u0010_hindustanlever_rice_namdhari_chennai_2018-12-18,2018-12-18,u0010,hindustanlever_rice,namdhari,,65.5
u0009_nestle_bread_namdhari_pune_2019-06-14,2019-06-14,u0009,nestle_bread,namdhari,,82.5
u0005_dabur_cheese_amazonfresh_pune_2019-10-31,2019-10-31,u0005,dabur_cheese,amazonfresh,,355.5
u0009_itc_vinegar_hypercity_chennai_2019-02-23,2019-02-23,u0009,itc_vinegar,hypercity,,310.0
u0005_nestle_cheese_spencers_ahmedabad_2019-02-27,2019-02-27,u0005,nestle_cheese,spencers,,203.0
u0008_amul_milk_more_ahmedabad_2019-09-29,2019-09-29,u0008,amul_milk,more,,334.5
u0004_hindustanlever_pulse_foodworld_kolkata_2019-02-23,2019-02-23,u0004,hindustanlever_pulse,foodworld,,41.5
u0010_dabur_milk_starbazaar_delhi_2019-06-16,2019-06-16,u0010,dabur_milk,starbazaar,,219.0
u0004_dabur_shampoo_foodworld_mumbai_2019-06-02,2019-06-02,u0004,dabur_shampoo,foodworld,,461.0
u0001_dabur_milk_spar_hyderabad_2019-03-14,2019-03-14,u0001,dabur_milk,spar,,211.0
u0005_itc_yoghurt_bigbazaar_mumbai_2019-06-19,2019-06-19,u0005,itc_yoghurt,bigbazaar,,326.5
u0009_patanjali_honey_nilgiris_chennai_2019-10-23,2019-10-23,u0009,patanjali_honey,nilgiris,,452.5
u0009_dabur_oil_spencers_kolkata_2018-12-13,2018-12-13,u0009,dabur_oil,spencers,,218.5
u0008_hindustanlever_soap_walmart_bangalore_2019-02-27,2019-02-27,u0008,hindustanlever_soap,walmart,,300.5
u0006_patanjali_milk_dmart_pune_2019-07-11,2019-07-11,u0006,patanjali_milk,dmart,,224.0
u0005_itc_bread_walmart_hyderabad_2019-03-07,2019-03-07,u0005,itc_bread,walmart,,332.5
u0009_itc_butter_namdhari_kolkata_2018-12-09,2018-12-09,u0009,itc_butter,namdhari,,253.5
u0007_godrej_oil_reliancefresh_chennai_2019-08-16,2019-08-16,u0007,godrej_oil,reliancefresh,,407.5
u0006_marico_soap_nilgiris_delhi_2019-04-05,2019-04-05,u0006,marico_soap,nilgiris,,120.0
u0010_britannia_bread_hypercity_chennai_2019-04-23,2019-04-23,u0010,britannia_bread,hypercity,,131.0
u0004_britannia_sugar_bigbasket_kolkata_2018-12-17,2018-12-17,u0004,britannia_sugar,bigbasket,,122.5
u0002_parle_salt_starbazaar_delhi_2019-04-14,2019-04-14,u0002,parle_salt,starbazaar,,201.0
u0003_godrej_soap_nature_kolkata_2019-06-02,2019-06-02,u0003,godrej_soap,nature,,277.5
u0001_itc_oil_bigbazaar_delhi_2019-02-24,2019-02-24,u0001,itc_oil,bigbazaar,,441.5
u0004_itc_shampoo_starbazaar_hyderabad_2019-03-05,2019-03-05,u0004,itc_shampoo,starbazaar,,192.5
u0006_godrej_soap_spencers_kolkata_2019-02-19,2019-02-19,u0006,godrej_soap,spencers,,294.5
u0003_dabur_butter_foodworld_mumbai_2019-11-11,2019-11-11,u0003,dabur_butter,foodworld,,319.0
u0004_britannia_pulse_more_kolkata_2019-03-24,2019-03-24,u0004,britannia_pulse,more,,215.0
u0005_dabur_honey_reliancefresh_ahmedabad_2019-05-30,2019-05-30,u0005,dabur_honey,reliancefresh,,16.0
u0010_godrej_shampoo_namdhari_bangalore_2019-10-27,2019-10-27,u0010,godrej_shampoo,namdhari,,239.5
u0002_britannia_butter_spar_bangalore_2019-05-24,2019-05-24,u0002,britannia_butter,spar,,446.0
u0007_godrej_soap_walmart_bangalore_2019-11-10,2019-11-10,u0007,godrej_soap,walmart,,485.0
u0009_dabur_flour_dmart_delhi_2018-12-16,2018-12-16,u0009,dabur_flour,dmart,,361.5
u0002_britannia_honey_foodhall_ahmedabad_2019-05-22,2019-05-22,u0002,britannia_honey,foodhall,,28.5
u0009_patanjali_pulse_amazonfresh_chennai_2018-11-20,2018-11-20,u0009,patanjali_pulse,amazonfresh,,272.5
u0008_marico_oil_m.k.ahmed_ahmedabad_2019-11-01,2019-11-01,u0008,marico_oil,m.k.ahmed,,450.0
u0005_parle_salt_foodhall_mumbai_2019-08-18,2019-08-18,u0005,parle_salt,foodhall,,358.0
u0007_amul_butter_nilgiris_ahmedabad_2018-12-30,2018-12-30,u0007,amul_butter,nilgiris,,331.0
u0002_marico_oil_hypercity_pune_2019-02-23,2019-02-23,u0002,marico_oil,hypercity,,287.0
u0001_godrej_shampoo_dmart_pune_2018-12-27,2018-12-27,u0001,godrej_shampoo,dmart,,206.0
u0004_dabur_flour_organicworld_ahmedabad_2019-06-21,2019-06-21,u0004,dabur_flour,organicworld,,300.5
u0004_itc_bread_foodhall_pune_2019-11-16,2019-11-16,u0004,itc_bread,foodhall,,314.0
u0003_britannia_milk_spar_mumbai_2019-09-19,2019-09-19,u0003,britannia_milk,spar,,63.0
u0004_patanjali_sugar_walmart_ahmedabad_2019-10-11,2019-10-11,u0004,patanjali_sugar,walmart,,24.5
u0006_itc_honey_bigbazaar_chennai_2019-02-26,2019-02-26,u0006,itc_honey,bigbazaar,,332.0
u0007_patanjali_soap_foodworld_chennai_2019-07-07,2019-07-07,u0007,patanjali_soap,foodworld,,25.5
u0005_itc_milk_organicworld_hyderabad_2019-08-02,2019-08-02,u0005,itc_milk,organicworld,,481.5
u0006_patanjali_milk_spar_delhi_2019-10-13,2019-10-13,u0006,patanjali_milk,spar,,233.0
u0010_patanjali_bread_more_hyderabad_2018-12-08,2018-12-08,u0010,patanjali_bread,more,,303.5
u0005_nestle_cheese_spencers_delhi_2019-11-17,2019-11-17,u0005,nestle_cheese,spencers,,429.0
u0004_amul_cheese_amazonfresh_kolkata_2019-07-03,2019-07-03,u0004,amul_cheese,amazonfresh,,343.5
u0010_godrej_soap_amazonfresh_mumbai_2019-10-07,2019-10-07,u0010,godrej_soap,amazonfresh,,346.0
u0009_hindustanlever_flour_spencers_hyderabad_2019-09-06,2019-09-06,u0009,hindustanlever_flour,spencers,,262.5
u0008_amul_milk_nature_mumbai_2019-02-24,2019-02-24,u0008,amul_milk,nature,,329.0
u0007_patanjali_oil_more_mumbai_2019-05-11,2019-05-11,u0007,patanjali_oil,more,,378.5
u0002_patanjali_bread_more_delhi_2019-09-06,2019-09-06,u0002,patanjali_bread,more,,238.0
u0001_marico_oil_spar_ahmedabad_2019-05-27,2019-05-27,u0001,marico_oil,spar,,141.0
u0003_patanjali_oil_m.k.ahmed_pune_2019-04-17,2019-04-17,u0003,patanjali_oil,m.k.ahmed,,22.5
u0010_dabur_butter_more_kolkata_2019-11-01,2019-11-01,u0010,dabur_butter,more,,280.5
u0006_dabur_sugar_foodhall_chennai_2019-10-09,2019-10-09,u0006,dabur_sugar,foodhall,,273.5
u0004_dabur_flour_bigbasket_delhi_2019-04-12,2019-04-12,u0004,dabur_flour,bigbasket,,328.0
u0010_britannia_honey_dailyneeds_delhi_2019-06-07,2019-06-07,u0010,britannia_honey,dailyneeds,,163.5
u0007_nestle_bread_organicworld_delhi_2019-04-19,2019-04-19,u0007,nestle_bread,organicworld,,27.0
u0004_patanjali_yoghurt_amazonfresh_pune_2019-09-07,2019-09-07,u0004,patanjali_yoghurt,amazonfresh,,424.5
u0006_patanjali_yoghurt_nature_bangalore_2019-01-25,2019-01-25,u0006,patanjali_yoghurt,nature,,455.0
u0008_nestle_butter_dmart_bangalore_2019-10-30,2019-10-30,u0008,nestle_butter,dmart,,429.0
u0010_britannia_sugar_dmart_chennai_2019-08-09,2019-08-09,u0010,britannia_sugar,dmart,,360.5
u0010_dabur_honey_starbazaar_mumbai_2019-03-11,2019-03-11,u0010,dabur_honey,starbazaar,,48.5
u0002_britannia_salt_nature_bangalore_2019-06-14,2019-06-14,u0002,britannia_salt,nature,,327.5
u0006_itc_shampoo_foodworld_pune_2018-12-25,2018-12-25,u0006,itc_shampoo,foodworld,,221.0
u0007_nestle_cheese_foodworld_delhi_2019-04-27,2019-04-27,u0007,nestle_cheese,foodworld,,443.0
u0007_itc_flour_bigbasket_chennai_2018-12-22,2018-12-22,u0007,itc_flour,bigbasket,,97.5
u0005_dabur_oil_foodworld_bangalore_2019-08-29,2019-08-29,u0005,dabur_oil,foodworld,,79.5
u0002_dabur_honey_dmart_bangalore_2019-02-03,2019-02-03,u0002,dabur_honey,dmart,,247.5
u0010_britannia_pulse_organicworld_mumbai_2019-07-14,2019-07-14,u0010,britannia_pulse,organicworld,,306.5
u0002_itc_rice_amazonfresh_hyderabad_2019-07-18,2019-07-18,u0002,itc_rice,amazonfresh,,189.0
u0003_patanjali_salt_spar_delhi_2019-06-23,2019-06-23,u0003,patanjali_salt,spar,,240.0
u0010_hindustanlever_honey_starbazaar_bangalore_2018-12-14,2018-12-14,u0010,hindustanlever_honey,starbazaar,,459.0
u0008_nestle_yoghurt_dmart_pune_2019-03-26,2019-03-26,u0008,nestle_yoghurt,dmart,,365.0
u0001_itc_bread_foodworld_pune_2019-04-12,2019-04-12,u0001,itc_bread,foodworld,,61.5
u0007_hindustanlever_oil_walmart_delhi_2019-05-23,2019-05-23,u0007,hindustanlever_oil,walmart,,30.5
u0003_patanjali_oil_dmart_kolkata_2019-01-01,2019-01-01,u0003,patanjali_oil,dmart,,441.5
u0009_britannia_sugar_dmart_kolkata_2018-12-02,2018-12-02,u0009,britannia_sugar,dmart,,359.0
u0002_patanjali_honey_foodworld_pune_2019-02-17,2019-02-17,u0002,patanjali_honey,foodworld,,83.5
u0001_itc_honey_nilgiris_kolkata_2019-07-31,2019-07-31,u0001,itc_honey,nilgiris,,337.0
u0001_britannia_vinegar_m.k.ahmed_chennai_2019-01-30,2019-01-30,u0001,britannia_vinegar,m.k.ahmed,,489.5
u0006_amul_butter_m.k.ahmed_hyderabad_2018-12-31,2018-12-31,u0006,amul_butter,m.k.ahmed,,245.0
u0003_hindustanlever_shampoo_amazonfresh_bangalore_2019-06-24,2019-06-24,u0003,hindustanlever_shampoo,amazonfresh,,101.5
u0001_itc_salt_namdhari_bangalore_2018-12-14,2018-12-14,u0001,itc_salt,namdhari,,426.0
u0005_nestle_cheese_bigbasket_hyderabad_2019-02-15,2019-02-15,u0005,nestle_cheese,bigbasket,,207.0
u0008_patanjali_bread_organicworld_kolkata_2019-01-11,2019-01-11,u0008,patanjali_bread,organicworld,,162.5
u0001_itc_cheese_reliancefresh_hyderabad_2019-03-18,2019-03-18,u0001,itc_cheese,reliancefresh,,40.5
u0007_parle_milk_dailyneeds_ahmedabad_2019-05-28,2019-05-28,u0007,parle_milk,dailyneeds,,94.5
u0009_britannia_butter_spar_pune_2018-11-19,2018-11-19,u0009,britannia_butter,spar,,112.5
u0007_britannia_cheese_walmart_hyderabad_2018-12-04,2018-12-04,u0007,britannia_cheese,walmart,,224.5
u0007_hindustanlever_pulse_nature_delhi_2018-12-19,2018-12-19,u0007,hindustanlever_pulse,nature,,291.0
u0009_marico_soap_dailyneeds_delhi_2019-02-01,2019-02-01,u0009,marico_soap,dailyneeds,,76.5
u0008_dabur_oil_bigbazaar_kolkata_2019-05-07,2019-05-07,u0008,dabur_oil,bigbazaar,,352.5
u0004_britannia_salt_spar_delhi_2019-09-12,2019-09-12,u0004,britannia_salt,spar,,22.0
u0007_dabur_milk_bigbasket_ahmedabad_2019-03-03,2019-03-03,u0007,dabur_milk,bigbasket,,46.5
u0006_godrej_shampoo_reliancefresh_hyderabad_2019-04-13,2019-04-13,u0006,godrej_shampoo,reliancefresh,,148.0
u0006_patanjali_butter_amazonfresh_pune_2019-06-20,2019-06-20,u0006,patanjali_butter,amazonfresh,,236.5
u0008_patanjali_honey_more_hyderabad_2019-04-13,2019-04-13,u0008,patanjali_honey,more,,347.0
u0005_marico_shampoo_starbazaar_bangalore_2019-03-31,2019-03-31,u0005,marico_shampoo,starbazaar,,381.0
u0004_hindustanlever_vinegar_foodworld_bangalore_2019-03-14,2019-03-14,u0004,hindustanlever_vinegar,foodworld,,497.0
u0008_itc_bread_spar_hyderabad_2019-06-04,2019-06-04,u0008,itc_bread,spar,,455.0
u0009_itc_milk_dailyneeds_pune_2019-08-08,2019-08-08,u0009,itc_milk,dailyneeds,,259.5
u0004_hindustanlever_vinegar_spencers_chennai_2019-03-06,2019-03-06,u0004,hindustanlever_vinegar,spencers,,473.0
u0009_britannia_sugar_m.k.ahmed_hyderabad_2019-10-27,2019-10-27,u0009,britannia_sugar,m.k.ahmed,,53.0
u0001_hindustanlever_sugar_walmart_chennai_2019-06-10,2019-06-10,u0001,hindustanlever_sugar,walmart,,448.0
u0007_patanjali_milk_bigbazaar_ahmedabad_2019-11-08,2019-11-08,u0007,patanjali_milk,bigbazaar,,259.5
u0010_britannia_yoghurt_spar_pune_2019-04-12,2019-04-12,u0010,britannia_yoghurt,spar,,20.0
u0010_britannia_vinegar_hypercity_ahmedabad_2019-07-19,2019-07-19,u0010,britannia_vinegar,hypercity,,97.5
u0001_itc_sugar_bigbasket_kolkata_2018-12-02,2018-12-02,u0001,itc_sugar,bigbasket,,26.0
u0001_dabur_yoghurt_nature_bangalore_2019-09-20,2019-09-20,u0001,dabur_yoghurt,nature,,443.0
u0005_nestle_yoghurt_amazonfresh_kolkata_2019-11-07,2019-11-07,u0005,nestle_yoghurt,amazonfresh,,496.5
u0001_britannia_soap_namdhari_kolkata_2019-04-26,2019-04-26,u0001,britannia_soap,namdhari,,91.5
u0004_britannia_milk_bigbazaar_kolkata_2019-06-21,2019-06-21,u0004,britannia_milk,bigbazaar,,468.5
u0001_marico_soap_amazonfresh_kolkata_2018-12-10,2018-12-10,u0001,marico_soap,amazonfresh,,148.0
u0007_dabur_milk_nilgiris_hyderabad_2019-02-02,2019-02-02,u0007,dabur_milk,nilgiris,,54.0
u0002_dabur_cheese_foodhall_delhi_2019-06-20,2019-06-20,u0002,dabur_cheese,foodhall,,296.0
u0007_itc_butter_dailyneeds_bangalore_2018-12-29,2018-12-29,u0007,itc_butter,dailyneeds,,449.0
u0009_nestle_sugar_bigbasket_bangalore_2019-06-27,2019-06-27,u0009,nestle_sugar,bigbasket,,220.5
u0005_dabur_honey_amazonfresh_chennai_2019-05-30,2019-05-30,u0005,dabur_honey,amazonfresh,,465.5
u0002_dabur_honey_spencers_mumbai_2019-06-11,2019-06-11,u0002,dabur_honey,spencers,,376.0
u0007_amul_cheese_walmart_bangalore_2018-12-16,2018-12-16,u0007,amul_cheese,walmart,,258.5
u0010_hindustanlever_salt_more_ahmedabad_2019-04-08,2019-04-08,u0010,hindustanlever_salt,more,,159.0
u0005_patanjali_soap_nilgiris_bangalore_2019-02-01,2019-02-01,u0005,patanjali_soap,nilgiris,,155.5
u0009_patanjali_pulse_organicworld_chennai_2019-03-07,2019-03-07,u0009,patanjali_pulse,organicworld,,302.5
u0006_parle_milk_more_bangalore_2019-07-24,2019-07-24,u0006,parle_milk,more,,434.0
u0002_patanjali_oil_starbazaar_kolkata_2019-02-04,2019-02-04,u0002,patanjali_oil,starbazaar,,15.0
u0001_itc_rice_organicworld_delhi_2019-10-27,2019-10-27,u0001,itc_rice,organicworld,,478.5
u0003_itc_bread_foodhall_hyderabad_2019-10-06,2019-10-06,u0003,itc_bread,foodhall,,4.5
u0002_britannia_salt_starbazaar_bangalore_2019-04-27,2019-04-27,u0002,britannia_salt,starbazaar,,9.5
u0010_hindustanlever_pulse_foodhall_bangalore_2019-05-07,2019-05-07,u0010,hindustanlever_pulse,foodhall,,58.5
u0009_hindustanlever_rice_bigbazaar_mumbai_2019-08-31,2019-08-31,u0009,hindustanlever_rice,bigbazaar,,32.0
u0001_britannia_yoghurt_dmart_ahmedabad_2019-08-24,2019-08-24,u0001,britannia_yoghurt,dmart,,329.0
u0009_itc_sugar_nature_bangalore_2019-05-09,2019-05-09,u0009,itc_sugar,nature,,240.5
u0004_britannia_yoghurt_bigbasket_delhi_2019-07-16,2019-07-16,u0004,britannia_yoghurt,bigbasket,,335.0
u0003_marico_soap_dmart_chennai_2019-06-12,2019-06-12,u0003,marico_soap,dmart,,414.5
u0009_amul_yoghurt_dmart_mumbai_2019-07-27,2019-07-27,u0009,amul_yoghurt,dmart,,13.5
u0009_dabur_rice_spencers_kolkata_2019-05-27,2019-05-27,u0009,dabur_rice,spencers,,282.5
u0006_patanjali_yoghurt_namdhari_chennai_2019-10-10,2019-10-10,u0006,patanjali_yoghurt,namdhari,,377.0
u0009_dabur_flour_spar_pune_2019-07-15,2019-07-15,u0009,dabur_flour,spar,,468.0
u0006_britannia_honey_more_bangalore_2018-12-21,2018-12-21,u0006,britannia_honey,more,,475.5
u0001_britannia_milk_walmart_kolkata_2019-04-22,2019-04-22,u0001,britannia_milk,walmart,,414.0
u0002_patanjali_cheese_amazonfresh_delhi_2019-10-11,2019-10-11,u0002,patanjali_cheese,amazonfresh,,442.0
u0005_itc_butter_foodhall_hyderabad_2019-09-11,2019-09-11,u0005,itc_butter,foodhall,,168.0
u0006_dabur_salt_spar_kolkata_2019-06-30,2019-06-30,u0006,dabur_salt,spar,,380.5
u0008_godrej_shampoo_dmart_delhi_2019-07-06,2019-07-06,u0008,godrej_shampoo,dmart,,37.0
u0006_nestle_butter_spar_kolkata_2018-12-09,2018-12-09,u0006,nestle_butter,spar,,290.5
u0006_itc_bread_bigbasket_hyderabad_2019-04-19,2019-04-19,u0006,itc_bread,bigbasket,,443.5
u0005_itc_butter_nature_mumbai_2018-11-23,2018-11-23,u0005,itc_butter,nature,,35.5
u0004_dabur_yoghurt_spencers_pune_2019-11-05,2019-11-05,u0004,dabur_yoghurt,spencers,,296.0
u0009_itc_sugar_nature_kolkata_2019-08-19,2019-08-19,u0009,itc_sugar,nature,,132.0
u0004_parle_yoghurt_organicworld_pune_2019-02-24,2019-02-24,u0004,parle_yoghurt,organicworld,,342.5
u0007_patanjali_shampoo_reliancefresh_mumbai_2019-06-19,2019-06-19,u0007,patanjali_shampoo,reliancefresh,,323.5
u0004_patanjali_bread_namdhari_mumbai_2019-07-30,2019-07-30,u0004,patanjali_bread,namdhari,,302.0
u0005_dabur_yoghurt_m.k.ahmed_ahmedabad_2019-09-11,2019-09-11,u0005,dabur_yoghurt,m.k.ahmed,,489.5
u0009_dabur_vinegar_starbazaar_delhi_2019-10-06,2019-10-06,u0009,dabur_vinegar,starbazaar,,83.0
u0007_hindustanlever_oil_namdhari_mumbai_2019-10-18,2019-10-18,u0007,hindustanlever_oil,namdhari,,477.0
u0003_dabur_milk_spencers_chennai_2019-07-21,2019-07-21,u0003,dabur_milk,spencers,,46.5
u0010_dabur_salt_nature_mumbai_2019-11-04,2019-11-04,u0010,dabur_salt,nature,,377.5
u0010_amul_milk_spencers_pune_2019-09-19,2019-09-19,u0010,amul_milk,spencers,,143.5
u0005_hindustanlever_shampoo_nilgiris_chennai_2019-06-09,2019-06-09,u0005,hindustanlever_shampoo,nilgiris,,151.0
u0006_patanjali_flour_more_kolkata_2018-11-30,2018-11-30,u0006,patanjali_flour,more,,243.0
u0005_marico_oil_bigbasket_bangalore_2019-06-09,2019-06-09,u0005,marico_oil,bigbasket,,280.5
u0006_itc_yoghurt_organicworld_chennai_2019-07-17,2019-07-17,u0006,itc_yoghurt,organicworld,,187.5
u0010_itc_shampoo_namdhari_hyderabad_2019-10-24,2019-10-24,u0010,itc_shampoo,namdhari,,350.0
u0005_parle_sugar_foodhall_kolkata_2019-08-31,2019-08-31,u0005,parle_sugar,foodhall,,438.0
u0009_dabur_butter_namdhari_delhi_2019-10-24,2019-10-24,u0009,dabur_butter,namdhari,,81.0
u0008_britannia_sugar_starbazaar_hyderabad_2019-03-28,2019-03-28,u0008,britannia_sugar,starbazaar,,232.0
u0010_nestle_yoghurt_starbazaar_delhi_2019-06-20,2019-06-20,u0010,nestle_yoghurt,starbazaar,,412.0
u0010_nestle_milk_foodhall_ahmedabad_2019-02-14,2019-02-14,u0010,nestle_milk,foodhall,,367.5
u0004_dabur_flour_amazonfresh_pune_2019-02-21,2019-02-21,u0004,dabur_flour,amazonfresh,,178.5
u0010_patanjali_shampoo_namdhari_bangalore_2019-05-03,2019-05-03,u0010,patanjali_shampoo,namdhari,,93.5
u0009_marico_soap_nature_hyderabad_2019-06-21,2019-06-21,u0009,marico_soap,nature,,363.0
u0008_dabur_bread_hypercity_pune_2018-12-28,2018-12-28,u0008,dabur_bread,hypercity,,162.5
u0004_hindustanlever_oil_organicworld_mumbai_2019-07-14,2019-07-14,u0004,hindustanlever_oil,organicworld,,189.5
u0003_amul_butter_bigbasket_kolkata_2019-02-19,2019-02-19,u0003,amul_butter,bigbasket,,280.5
u0001_itc_pulse_starbazaar_mumbai_2019-07-25,2019-07-25,u0001,itc_pulse,starbazaar,,89.0
u0003_patanjali_cheese_m.k.ahmed_ahmedabad_2019-08-12,2019-08-12,u0003,patanjali_cheese,m.k.ahmed,,123.5
u0007_parle_milk_nature_kolkata_2019-10-23,2019-10-23,u0007,parle_milk,nature,,231.5
u0008_nestle_butter_starbazaar_pune_2019-07-11,2019-07-11,u0008,nestle_butter,starbazaar,,113.0
u0003_itc_salt_m.k.ahmed_bangalore_2019-05-23,2019-05-23,u0003,itc_salt,m.k.ahmed,,387.5
u0004_britannia_soap_foodworld_mumbai_2019-08-28,2019-08-28,u0004,britannia_soap,foodworld,,412.5
u0002_britannia_butter_more_kolkata_2019-03-14,2019-03-14,u0002,britannia_butter,more,,419.5
u0010_amul_butter_spar_bangalore_2019-07-12,2019-07-12,u0010,amul_butter,spar,,484.0
u0007_godrej_oil_m.k.ahmed_kolkata_2019-11-14,2019-11-14,u0007,godrej_oil,m.k.ahmed,,99.5
u0006_britannia_vinegar_walmart_ahmedabad_2019-03-27,2019-03-27,u0006,britannia_vinegar,walmart,,145.0
u0006_britannia_bread_nilgiris_pune_2019-11-12,2019-11-12,u0006,britannia_bread,nilgiris,,335.5
u0010_nestle_honey_spar_kolkata_2019-06-16,2019-06-16,u0010,nestle_honey,spar,,302.5
u0007_hindustanlever_soap_reliancefresh_pune_2019-07-26,2019-07-26,u0007,hindustanlever_soap,reliancefresh,,134.5
u0008_dabur_cheese_walmart_delhi_2019-04-05,2019-04-05,u0008,dabur_cheese,walmart,,472.5
u0003_itc_oil_reliancefresh_delhi_2019-01-04,2019-01-04,u0003,itc_oil,reliancefresh,,346.0
u0005_patanjali_cheese_spencers_delhi_2019-05-07,2019-05-07,u0005,patanjali_cheese,spencers,,275.5
u0001_patanjali_milk_nilgiris_pune_2019-08-22,2019-08-22,u0001,patanjali_milk,nilgiris,,336.0
u0009_amul_yoghurt_walmart_pune_2019-07-16,2019-07-16,u0009,amul_yoghurt,walmart,,385.0
u0005_godrej_soap_walmart_bangalore_2018-12-26,2018-12-26,u0005,godrej_soap,walmart,,282.5
u0003_nestle_yoghurt_hypercity_chennai_2019-01-06,2019-01-06,u0003,nestle_yoghurt,hypercity,,317.0
u0010_dabur_shampoo_bigbazaar_chennai_2019-09-05,2019-09-05,u0010,dabur_shampoo,bigbazaar,,253.5
u0004_itc_shampoo_hypercity_delhi_2019-11-11,2019-11-11,u0004,itc_shampoo,hypercity,,83.5
u0001_patanjali_sugar_nature_pune_2019-08-22,2019-08-22,u0001,patanjali_sugar,nature,,101.0
u0007_britannia_honey_nature_mumbai_2018-12-16,2018-12-16,u0007,britannia_honey,nature,,500.0
u0005_godrej_oil_m.k.ahmed_ahmedabad_2019-07-15,2019-07-15,u0005,godrej_oil,m.k.ahmed,,13.0
u0004_godrej_soap_bigbasket_bangalore_2019-02-25,2019-02-25,u0004,godrej_soap,bigbasket,,393.5
u0006_itc_salt_dmart_delhi_2019-11-05,2019-11-05,u0006,itc_salt,dmart,,296.0
u0006_britannia_sugar_spencers_ahmedabad_2018-11-30,2018-11-30,u0006,britannia_sugar,spencers,,85.5
u0010_nestle_honey_bigbasket_ahmedabad_2018-12-23,2018-12-23,u0010,nestle_honey,bigbasket,,109.0
u0005_hindustanlever_honey_walmart_delhi_2019-05-18,2019-05-18,u0005,hindustanlever_honey,walmart,,322.5
u0004_britannia_yoghurt_dmart_pune_2018-11-28,2018-11-28,u0004,britannia_yoghurt,dmart,,431.5
u0002_marico_soap_amazonfresh_pune_2019-10-11,2019-10-11,u0002,marico_soap,amazonfresh,,289.0
u0008_dabur_yoghurt_spar_delhi_2019-09-22,2019-09-22,u0008,dabur_yoghurt,spar,,57.0
u0002_parle_milk_dailyneeds_hyderabad_2019-10-18,2019-10-18,u0002,parle_milk,dailyneeds,,486.5
u0007_britannia_yoghurt_nilgiris_hyderabad_2019-04-30,2019-04-30,u0007,britannia_yoghurt,nilgiris,,304.5
u0004_itc_oil_more_kolkata_2019-03-31,2019-03-31,u0004,itc_oil,more,,75.5
u0010_britannia_salt_reliancefresh_bangalore_2019-03-26,2019-03-26,u0010,britannia_salt,reliancefresh,,477.5
u0010_nestle_bread_spencers_hyderabad_2019-10-23,2019-10-23,u0010,nestle_bread,spencers,,250.0
u0007_nestle_milk_spar_mumbai_2019-02-12,2019-02-12,u0007,nestle_milk,spar,,372.5
u0006_patanjali_flour_starbazaar_chennai_2019-05-11,2019-05-11,u0006,patanjali_flour,starbazaar,,392.5
u0010_nestle_bread_dailyneeds_delhi_2019-04-13,2019-04-13,u0010,nestle_bread,dailyneeds,,300.5
u0001_hindustanlever_shampoo_namdhari_hyderabad_2019-05-23,2019-05-23,u0001,hindustanlever_shampoo,namdhari,,61.0
u0001_britannia_soap_nilgiris_ahmedabad_2019-08-18,2019-08-18,u0001,britannia_soap,nilgiris,,196.5
u0008_amul_cheese_dmart_mumbai_2019-10-12,2019-10-12,u0008,amul_cheese,dmart,,380.5
u0006_amul_milk_starbazaar_ahmedabad_2019-03-21,2019-03-21,u0006,amul_milk,starbazaar,,419.0
u0006_parle_sugar_dmart_ahmedabad_2018-11-23,2018-11-23,u0006,parle_sugar,dmart,,75.0
u0001_patanjali_honey_more_pune_2019-08-05,2019-08-05,u0001,patanjali_honey,more,,280.5
u0003_patanjali_yoghurt_organicworld_pune_2019-07-11,2019-07-11,u0003,patanjali_yoghurt,organicworld,,217.5
u0009_itc_shampoo_spar_chennai_2019-05-31,2019-05-31,u0009,itc_shampoo,spar,,220.0
u0010_godrej_oil_starbazaar_ahmedabad_2019-10-19,2019-10-19,u0010,godrej_oil,starbazaar,,297.5
u0009_patanjali_flour_nature_hyderabad_2019-11-03,2019-11-03,u0009,patanjali_flour,nature,,319.0
u0009_nestle_sugar_walmart_hyderabad_2019-06-29,2019-06-29,u0009,nestle_sugar,walmart,,393.5
u0006_patanjali_pulse_foodhall_hyderabad_2019-04-16,2019-04-16,u0006,patanjali_pulse,foodhall,,75.0
u0010_dabur_rice_organicworld_hyderabad_2019-07-26,2019-07-26,u0010,dabur_rice,organicworld,,89.0
u0002_parle_yoghurt_walmart_kolkata_2018-11-23,2018-11-23,u0002,parle_yoghurt,walmart,,475.5
u0010_britannia_soap_reliancefresh_kolkata_2018-12-11,2018-12-11,u0010,britannia_soap,reliancefresh,,317.5
u0002_patanjali_bread_namdhari_kolkata_2018-12-25,2018-12-25,u0002,patanjali_bread,namdhari,,475.5
u0001_marico_oil_bigbasket_delhi_2019-09-17,2019-09-17,u0001,marico_oil,bigbasket,,10.5
u0002_amul_butter_nature_mumbai_2019-06-04,2019-06-04,u0002,amul_butter,nature,,455.0
u0006_itc_cheese_foodhall_delhi_2019-11-10,2019-11-10,u0006,itc_cheese,foodhall,,304.5
u0008_britannia_pulse_reliancefresh_hyderabad_2019-06-26,2019-06-26,u0008,britannia_pulse,reliancefresh,,134.5
u0008_dabur_cheese_bigbazaar_bangalore_2019-11-01,2019-11-01,u0008,dabur_cheese,bigbazaar,,113.5
u0008_hindustanlever_rice_walmart_pune_2019-03-17,2019-03-17,u0008,hindustanlever_rice,walmart,,246.5
u0006_britannia_salt_nilgiris_delhi_2019-09-30,2019-09-30,u0006,britannia_salt,nilgiris,,91.0
u0008_britannia_butter_foodhall_delhi_2019-11-02,2019-11-02,u0008,britannia_butter,foodhall,,498.5
u0005_dabur_milk_m.k.ahmed_delhi_2019-02-08,2019-02-08,u0005,dabur_milk,m.k.ahmed,,386.5
u0008_parle_milk_walmart_kolkata_2019-02-22,2019-02-22,u0008,parle_milk,walmart,,42.5
u0002_itc_oil_organicworld_mumbai_2019-05-23,2019-05-23,u0002,itc_oil,organicworld,,183.5
u0009_patanjali_rice_amazonfresh_delhi_2019-09-17,2019-09-17,u0009,patanjali_rice,amazonfresh,,232.0
u0009_amul_cheese_bigbazaar_hyderabad_2019-07-08,2019-07-08,u0009,amul_cheese,bigbazaar,,222.0
u0007_dabur_oil_hypercity_kolkata_2019-06-06,2019-06-06,u0007,dabur_oil,hypercity,,469.5
u0003_britannia_yoghurt_foodhall_bangalore_2019-08-06,2019-08-06,u0003,britannia_yoghurt,foodhall,,433.0
u0004_godrej_shampoo_dmart_mumbai_2019-06-17,2019-06-17,u0004,godrej_shampoo,dmart,,379.0
u0007_patanjali_salt_reliancefresh_hyderabad_2019-11-15,2019-11-15,u0007,patanjali_salt,reliancefresh,,368.5
u0009_hindustanlever_salt_reliancefresh_ahmedabad_2018-12-07,2018-12-07,u0009,hindustanlever_salt,reliancefresh,,378.0
u0006_britannia_sugar_organicworld_mumbai_2018-11-23,2018-11-23,u0006,britannia_sugar,organicworld,,390.5
u0004_hindustanlever_shampoo_dmart_bangalore_2019-06-21,2019-06-21,u0004,hindustanlever_shampoo,dmart,,10.0
u0002_dabur_oil_amazonfresh_mumbai_2019-05-05,2019-05-05,u0002,dabur_oil,amazonfresh,,472.5
u0007_parle_salt_namdhari_ahmedabad_2019-06-07,2019-06-07,u0007,parle_salt,namdhari,,84.5
u0007_dabur_butter_starbazaar_mumbai_2019-10-18,2019-10-18,u0007,dabur_butter,starbazaar,,92.0
u0005_nestle_sugar_m.k.ahmed_mumbai_2019-05-30,2019-05-30,u0005,nestle_sugar,m.k.ahmed,,300.5
u0007_marico_soap_namdhari_bangalore_2019-01-13,2019-01-13,u0007,marico_soap,namdhari,,431.5
u0009_patanjali_bread_foodhall_hyderabad_2019-03-07,2019-03-07,u0009,patanjali_bread,foodhall,,56.0
u0008_nestle_sugar_dmart_delhi_2019-01-09,2019-01-09,u0008,nestle_sugar,dmart,,67.0
u0010_nestle_yoghurt_nature_pune_2019-08-30,2019-08-30,u0010,nestle_yoghurt,nature,,114.0
u0004_itc_bread_bigbasket_mumbai_2018-12-04,2018-12-04,u0004,itc_bread,bigbasket,,411.5
u0004_godrej_shampoo_m.k.ahmed_hyderabad_2019-01-05,2019-01-05,u0004,godrej_shampoo,m.k.ahmed,,184.5
u0008_godrej_soap_walmart_hyderabad_2019-11-11,2019-11-11,u0008,godrej_soap,walmart,,482.0
u0009_itc_cheese_more_ahmedabad_2019-02-04,2019-02-04,u0009,itc_cheese,more,,274.5
u0009_itc_sugar_m.k.ahmed_bangalore_2019-02-05,2019-02-05,u0009,itc_sugar,m.k.ahmed,,499.5
u0008_hindustanlever_flour_m.k.ahmed_bangalore_2018-12-15,2018-12-15,u0008,hindustanlever_flour,m.k.ahmed,,394.5
u0010_hindustanlever_soap_bigbasket_kolkata_2019-07-08,2019-07-08,u0010,hindustanlever_soap,bigbasket,,455.5
u0004_britannia_shampoo_starbazaar_hyderabad_2018-12-04,2018-12-04,u0004,britannia_shampoo,starbazaar,,356.0
u0001_dabur_butter_nilgiris_hyderabad_2019-02-11,2019-02-11,u0001,dabur_butter,nilgiris,,94.0
u0002_nestle_cheese_amazonfresh_pune_2019-01-09,2019-01-09,u0002,nestle_cheese,amazonfresh,,468.0
u0006_hindustanlever_oil_spar_bangalore_2019-02-10,2019-02-10,u0006,hindustanlever_oil,spar,,201.5
u0010_patanjali_soap_amazonfresh_ahmedabad_2019-04-29,2019-04-29,u0010,patanjali_soap,amazonfresh,,424.0
u0001_britannia_soap_organicworld_chennai_2019-01-07,2019-01-07,u0001,britannia_soap,organicworld,,257.0
u0003_nestle_cheese_nilgiris_kolkata_2019-09-07,2019-09-07,u0003,nestle_cheese,nilgiris,,99.0
u0004_nestle_honey_amazonfresh_ahmedabad_2019-09-28,2019-09-28,u0004,nestle_honey,amazonfresh,,302.0
u0007_dabur_cheese_dmart_ahmedabad_2019-01-19,2019-01-19,u0007,dabur_cheese,dmart,,303.0
u0003_patanjali_shampoo_namdhari_bangalore_2019-03-20,2019-03-20,u0003,patanjali_shampoo,namdhari,,374.0
u0007_britannia_pulse_hypercity_pune_2019-03-11,2019-03-11,u0007,britannia_pulse,hypercity,,297.5
u0005_dabur_salt_starbazaar_chennai_2019-09-23,2019-09-23,u0005,dabur_salt,starbazaar,,3.0
u0010_hindustanlever_honey_bigbazaar_delhi_2019-03-16,2019-03-16,u0010,hindustanlever_honey,bigbazaar,,63.5
u0004_dabur_rice_walmart_kolkata_2019-04-20,2019-04-20,u0004,dabur_rice,walmart,,103.0
u0002_dabur_vinegar_walmart_ahmedabad_2019-09-22,2019-09-22,u0002,dabur_vinegar,walmart,,410.0
u0002_patanjali_sugar_m.k.ahmed_chennai_2018-12-09,2018-12-09,u0002,patanjali_sugar,m.k.ahmed,,87.0
u0007_dabur_yoghurt_foodhall_hyderabad_2018-12-15,2018-12-15,u0007,dabur_yoghurt,foodhall,,40.0
u0010_britannia_honey_organicworld_pune_2019-07-27,2019-07-27,u0010,britannia_honey,organicworld,,207.0
u0001_parle_yoghurt_nilgiris_pune_2019-02-06,2019-02-06,u0001,parle_yoghurt,nilgiris,,126.5
u0010_godrej_soap_spencers_kolkata_2019-11-06,2019-11-06,u0010,godrej_soap,spencers,,472.5
u0007_itc_honey_dmart_kolkata_2019-10-21,2019-10-21,u0007,itc_honey,dmart,,332.5
u0010_marico_soap_walmart_chennai_2019-09-16,2019-09-16,u0010,marico_soap,walmart,,496.0
u0006_itc_soap_bigbazaar_pune_2019-05-29,2019-05-29,u0006,itc_soap,bigbazaar,,489.5
u0008_patanjali_rice_amazonfresh_pune_2019-09-25,2019-09-25,u0008,patanjali_rice,amazonfresh,,335.5
u0010_patanjali_sugar_spencers_pune_2019-09-15,2019-09-15,u0010,patanjali_sugar,spencers,,355.5
u0008_patanjali_sugar_bigbasket_kolkata_2019-01-08,2019-01-08,u0008,patanjali_sugar,bigbasket,,227.0
u0007_godrej_shampoo_spar_pune_2018-11-24,2018-11-24,u0007,godrej_shampoo,spar,,30.5
u0001_nestle_cheese_nilgiris_kolkata_2019-02-14,2019-02-14,u0001,nestle_cheese,nilgiris,,160.5
u0007_britannia_salt_nature_kolkata_2019-03-01,2019-03-01,u0007,britannia_salt,nature,,124.5
u0006_hindustanlever_shampoo_bigbazaar_hyderabad_2019-02-02,2019-02-02,u0006,hindustanlever_shampoo,bigbazaar,,442.0
u0002_itc_vinegar_bigbazaar_hyderabad_2018-12-28,2018-12-28,u0002,itc_vinegar,bigbazaar,,290.5
u0009_dabur_butter_organicworld_bangalore_2019-05-28,2019-05-28,u0009,dabur_butter,organicworld,,260.0
u0006_britannia_butter_foodworld_kolkata_2019-02-05,2019-02-05,u0006,britannia_butter,foodworld,,104.5
u0006_godrej_soap_nilgiris_chennai_2019-10-02,2019-10-02,u0006,godrej_soap,nilgiris,,334.0
u0001_patanjali_honey_organicworld_kolkata_2019-02-24,2019-02-24,u0001,patanjali_honey,organicworld,,106.5
u0008_britannia_soap_namdhari_ahmedabad_2019-04-11,2019-04-11,u0008,britannia_soap,namdhari,,422.0
u0007_itc_milk_dailyneeds_pune_2019-02-01,2019-02-01,u0007,itc_milk,dailyneeds,,63.0
u0007_godrej_oil_starbazaar_bangalore_2019-11-03,2019-11-03,u0007,godrej_oil,starbazaar,,376.0
u0007_itc_shampoo_hypercity_chennai_2019-01-24,2019-01-24,u0007,itc_shampoo,hypercity,,168.0
u0002_dabur_yoghurt_reliancefresh_chennai_2019-05-11,2019-05-11,u0002,dabur_yoghurt,reliancefresh,,480.5
u0005_patanjali_salt_hypercity_ahmedabad_2019-04-24,2019-04-24,u0005,patanjali_salt,hypercity,,489.5
u0005_hindustanlever_sugar_spar_ahmedabad_2018-12-24,2018-12-24,u0005,hindustanlever_sugar,spar,,55.0
u0010_godrej_oil_namdhari_mumbai_2019-05-19,2019-05-19,u0010,godrej_oil,namdhari,,478.0
u0005_dabur_rice_foodhall_delhi_2019-03-08,2019-03-08,u0005,dabur_rice,foodhall,,206.5
u0001_itc_pulse_more_bangalore_2019-04-08,2019-04-08,u0001,itc_pulse,more,,282.5
u0001_itc_honey_starbazaar_kolkata_2019-06-22,2019-06-22,u0001,itc_honey,starbazaar,,187.0
u0001_hindustanlever_vinegar_amazonfresh_bangalore_2019-11-14,2019-11-14,u0001,hindustanlever_vinegar,amazonfresh,,469.5
u0002_itc_salt_more_mumbai_2019-05-27,2019-05-27,u0002,itc_salt,more,,76.0
u0007_patanjali_vinegar_spencers_kolkata_2019-02-10,2019-02-10,u0007,patanjali_vinegar,spencers,,19.5
u0006_britannia_cheese_bigbasket_hyderabad_2019-01-10,2019-01-10,u0006,britannia_cheese,bigbasket,,419.0
u0002_itc_flour_bigbazaar_pune_2019-10-29,2019-10-29,u0002,itc_flour,bigbazaar,,163.5
u0007_patanjali_soap_foodworld_kolkata_2018-11-28,2018-11-28,u0007,patanjali_soap,foodworld,,56.5
u0001_marico_soap_reliancefresh_chennai_2019-03-11,2019-03-11,u0001,marico_soap,reliancefresh,,251.0
u0009_amul_yoghurt_starbazaar_mumbai_2019-10-29,2019-10-29,u0009,amul_yoghurt,starbazaar,,132.0
u0002_hindustanlever_pulse_amazonfresh_kolkata_2019-01-25,2019-01-25,u0002,hindustanlever_pulse,amazonfresh,,368.0
u0010_britannia_yoghurt_nature_chennai_2019-03-20,2019-03-20,u0010,britannia_yoghurt,nature,,217.5
u0005_hindustanlever_sugar_reliancefresh_hyderabad_2019-02-07,2019-02-07,u0005,hindustanlever_sugar,reliancefresh,,392.5
u0002_hindustanlever_rice_namdhari_mumbai_2019-04-10,2019-04-10,u0002,hindustanlever_rice,namdhari,,102.0
u0007_hindustanlever_salt_bigbazaar_kolkata_2019-10-31,2019-10-31,u0007,hindustanlever_salt,bigbazaar,,57.5
u0007_nestle_sugar_foodworld_bangalore_2019-04-09,2019-04-09,u0007,nestle_sugar,foodworld,,61.5
u0001_britannia_bread_dmart_pune_2019-05-16,2019-05-16,u0001,britannia_bread,dmart,,398.5
u0007_dabur_flour_namdhari_delhi_2019-05-13,2019-05-13,u0007,dabur_flour,namdhari,,395.0
u0007_godrej_oil_foodhall_hyderabad_2019-06-08,2019-06-08,u0007,godrej_oil,foodhall,,178.5
u0006_hindustanlever_pulse_dmart_chennai_2019-08-08,2019-08-08,u0006,hindustanlever_pulse,dmart,,127.5
u0007_dabur_milk_foodhall_pune_2019-07-23,2019-07-23,u0007,dabur_milk,foodhall,,50.0
u0004_hindustanlever_vinegar_nature_bangalore_2019-06-22,2019-06-22,u0004,hindustanlever_vinegar,nature,,86.0
u0002_nestle_cheese_spencers_mumbai_2019-06-21,2019-06-21,u0002,nestle_cheese,spencers,,271.5
u0003_patanjali_bread_spar_bangalore_2019-05-24,2019-05-24,u0003,patanjali_bread,spar,,14.5
u0010_britannia_vinegar_foodhall_bangalore_2019-05-25,2019-05-25,u0010,britannia_vinegar,foodhall,,287.0
u0007_britannia_shampoo_namdhari_ahmedabad_2019-02-15,2019-02-15,u0007,britannia_shampoo,namdhari,,40.0
u0009_marico_oil_bigbazaar_ahmedabad_2018-12-26,2018-12-26,u0009,marico_oil,bigbazaar,,409.0
u0004_itc_rice_dailyneeds_ahmedabad_2018-12-20,2018-12-20,u0004,itc_rice,dailyneeds,,123.5
u0005_patanjali_bread_foodworld_bangalore_2019-04-16,2019-04-16,u0005,patanjali_bread,foodworld,,158.0
u0009_britannia_honey_spencers_kolkata_2018-12-06,2018-12-06,u0009,britannia_honey,spencers,,90.5
u0004_hindustanlever_pulse_foodhall_kolkata_2019-10-23,2019-10-23,u0004,hindustanlever_pulse,foodhall,,85.0
u0002_hindustanlever_vinegar_walmart_chennai_2019-09-26,2019-09-26,u0002,hindustanlever_vinegar,walmart,,25.0
u0007_amul_butter_organicworld_chennai_2019-04-02,2019-04-02,u0007,amul_butter,organicworld,,86.0
u0007_hindustanlever_salt_dmart_hyderabad_2019-10-14,2019-10-14,u0007,hindustanlever_salt,dmart,,104.0
u0002_itc_honey_nature_kolkata_2019-01-18,2019-01-18,u0002,itc_honey,nature,,304.0
u0004_itc_yoghurt_more_ahmedabad_2019-07-24,2019-07-24,u0004,itc_yoghurt,more,,488.0
u0002_itc_vinegar_organicworld_pune_2019-02-04,2019-02-04,u0002,itc_vinegar,organicworld,,258.0
u0007_marico_oil_spencers_kolkata_2019-01-25,2019-01-25,u0007,marico_oil,spencers,,17.5
u0004_parle_yoghurt_nilgiris_ahmedabad_2019-05-23,2019-05-23,u0004,parle_yoghurt,nilgiris,,262.5
u0001_patanjali_honey_namdhari_kolkata_2019-02-26,2019-02-26,u0001,patanjali_honey,namdhari,,338.0
u0009_hindustanlever_rice_foodhall_kolkata_2019-07-01,2019-07-01,u0009,hindustanlever_rice,foodhall,,92.5
u0006_dabur_butter_spar_mumbai_2019-05-03,2019-05-03,u0006,dabur_butter,spar,,83.0
u0005_hindustanlever_flour_dmart_hyderabad_2019-10-02,2019-10-02,u0005,hindustanlever_flour,dmart,,116.5
u0006_godrej_oil_organicworld_pune_2018-12-06,2018-12-06,u0006,godrej_oil,organicworld,,422.5
u0002_itc_butter_dmart_chennai_2019-03-30,2019-03-30,u0002,itc_butter,dmart,,346.0
u0007_dabur_shampoo_foodhall_bangalore_2019-11-08,2019-11-08,u0007,dabur_shampoo,foodhall,,164.5
u0004_britannia_shampoo_nilgiris_delhi_2019-05-18,2019-05-18,u0004,britannia_shampoo,nilgiris,,475.5
u0005_itc_soap_reliancefresh_delhi_2019-06-03,2019-06-03,u0005,itc_soap,reliancefresh,,107.0
u0009_dabur_sugar_organicworld_chennai_2019-09-20,2019-09-20,u0009,dabur_sugar,organicworld,,52.5
u0004_britannia_vinegar_foodhall_pune_2018-11-19,2018-11-19,u0004,britannia_vinegar,foodhall,,61.0
u0006_nestle_cheese_dailyneeds_bangalore_2019-06-18,2019-06-18,u0006,nestle_cheese,dailyneeds,,372.0
u0006_britannia_honey_dailyneeds_pune_2019-03-04,2019-03-04,u0006,britannia_honey,dailyneeds,,327.0
u0009_hindustanlever_vinegar_more_ahmedabad_2019-07-16,2019-07-16,u0009,hindustanlever_vinegar,more,,122.0
u0003_dabur_rice_organicworld_hyderabad_2019-08-07,2019-08-07,u0003,dabur_rice,organicworld,,459.0
u0003_dabur_flour_bigbasket_delhi_2018-11-21,2018-11-21,u0003,dabur_flour,bigbasket,,91.5
u0009_marico_oil_foodworld_mumbai_2019-10-09,2019-10-09,u0009,marico_oil,foodworld,,370.5
u0005_britannia_shampoo_starbazaar_ahmedabad_2019-10-21,2019-10-21,u0005,britannia_shampoo,starbazaar,,28.0
u0009_patanjali_cheese_m.k.ahmed_chennai_2019-01-26,2019-01-26,u0009,patanjali_cheese,m.k.ahmed,,233.5
u0007_patanjali_pulse_nature_ahmedabad_2019-08-23,2019-08-23,u0007,patanjali_pulse,nature,,366.5
u0009_amul_cheese_nilgiris_delhi_2019-05-19,2019-05-19,u0009,amul_cheese,nilgiris,,164.0
u0007_hindustanlever_rice_m.k.ahmed_chennai_2019-06-07,2019-06-07,u0007,hindustanlever_rice,m.k.ahmed,,166.0
u0004_britannia_oil_reliancefresh_kolkata_2019-08-19,2019-08-19,u0004,britannia_oil,reliancefresh,,455.0
u0006_hindustanlever_rice_nature_ahmedabad_2019-01-08,2019-01-08,u0006,hindustanlever_rice,nature,,69.5
u0005_patanjali_honey_foodhall_chennai_2018-12-05,2018-12-05,u0005,patanjali_honey,foodhall,,488.5
u0010_nestle_honey_hypercity_pune_2019-07-08,2019-07-08,u0010,nestle_honey,hypercity,,66.0
u0008_nestle_yoghurt_dailyneeds_kolkata_2019-08-18,2019-08-18,u0008,nestle_yoghurt,dailyneeds,,69.0
u0004_patanjali_salt_dailyneeds_kolkata_2019-08-28,2019-08-28,u0004,patanjali_salt,dailyneeds,,152.0
u0006_patanjali_cheese_spencers_hyderabad_2019-11-13,2019-11-13,u0006,patanjali_cheese,spencers,,149.5
u0009_nestle_milk_amazonfresh_pune_2019-09-06,2019-09-06,u0009,nestle_milk,amazonfresh,,285.5
u0002_dabur_flour_foodhall_pune_2019-05-03,2019-05-03,u0002,dabur_flour,foodhall,,351.5
u0003_dabur_salt_more_kolkata_2019-01-15,2019-01-15,u0003,dabur_salt,more,,221.5
u0006_patanjali_rice_namdhari_hyderabad_2019-02-15,2019-02-15,u0006,patanjali_rice,namdhari,,276.5
u0002_hindustanlever_pulse_organicworld_ahmedabad_2018-11-20,2018-11-20,u0002,hindustanlever_pulse,organicworld,,417.0
u0009_itc_cheese_spar_pune_2019-07-17,2019-07-17,u0009,itc_cheese,spar,,368.0
u0006_hindustanlever_vinegar_amazonfresh_bangalore_2018-12-28,2018-12-28,u0006,hindustanlever_vinegar,amazonfresh,,255.5
u0009_hindustanlever_flour_dailyneeds_hyderabad_2019-08-20,2019-08-20,u0009,hindustanlever_flour,dailyneeds,,25.0
u0010_nestle_milk_foodworld_delhi_2019-02-08,2019-02-08,u0010,nestle_milk,foodworld,,289.0
u0006_itc_butter_spar_hyderabad_2019-01-27,2019-01-27,u0006,itc_butter,spar,,276.0
u0010_dabur_flour_amazonfresh_mumbai_2019-04-15,2019-04-15,u0010,dabur_flour,amazonfresh,,82.0
u0009_itc_vinegar_nilgiris_ahmedabad_2019-08-19,2019-08-19,u0009,itc_vinegar,nilgiris,,103.5
u0008_hindustanlever_soap_dailyneeds_mumbai_2018-11-30,2018-11-30,u0008,hindustanlever_soap,dailyneeds,,46.5
u0008_britannia_cheese_amazonfresh_bangalore_2019-04-28,2019-04-28,u0008,britannia_cheese,amazonfresh,,461.0
u0007_itc_bread_foodworld_kolkata_2019-06-05,2019-06-05,u0007,itc_bread,foodworld,,389.0
u0008_patanjali_yoghurt_walmart_delhi_2019-07-25,2019-07-25,u0008,patanjali_yoghurt,walmart,,160.0
u0001_hindustanlever_sugar_nilgiris_bangalore_2019-11-05,2019-11-05,u0001,hindustanlever_sugar,nilgiris,,430.5
u0006_hindustanlever_vinegar_walmart_pune_2019-06-16,2019-06-16,u0006,hindustanlever_vinegar,walmart,,86.5
u0007_itc_rice_more_ahmedabad_2019-03-22,2019-03-22,u0007,itc_rice,more,,139.0
u0005_britannia_soap_foodworld_delhi_2019-04-11,2019-04-11,u0005,britannia_soap,foodworld,,187.0
u0009_dabur_yoghurt_nilgiris_kolkata_2019-01-24,2019-01-24,u0009,dabur_yoghurt,nilgiris,,203.5
u0010_itc_bread_nilgiris_bangalore_2018-12-06,2018-12-06,u0010,itc_bread,nilgiris,,302.0
u0009_nestle_cheese_dailyneeds_chennai_2019-08-22,2019-08-22,u0009,nestle_cheese,dailyneeds,,393.0
u0005_nestle_honey_amazonfresh_delhi_2018-11-19,2018-11-19,u0005,nestle_honey,amazonfresh,,235.5
u0006_britannia_cheese_hypercity_hyderabad_2019-09-25,2019-09-25,u0006,britannia_cheese,hypercity,,282.0
u0003_dabur_butter_bigbasket_mumbai_2019-07-04,2019-07-04,u0003,dabur_butter,bigbasket,,441.0
u0008_itc_honey_reliancefresh_ahmedabad_2019-03-13,2019-03-13,u0008,itc_honey,reliancefresh,,179.5
u0002_hindustanlever_salt_nilgiris_ahmedabad_2019-06-13,2019-06-13,u0002,hindustanlever_salt,nilgiris,,349.0
u0002_patanjali_butter_spar_hyderabad_2019-02-05,2019-02-05,u0002,patanjali_butter,spar,,281.0
u0002_britannia_vinegar_foodworld_mumbai_2019-10-21,2019-10-21,u0002,britannia_vinegar,foodworld,,200.5
u0009_nestle_bread_hypercity_chennai_2019-09-24,2019-09-24,u0009,nestle_bread,hypercity,,164.0
u0006_dabur_rice_hypercity_pune_2019-05-14,2019-05-14,u0006,dabur_rice,hypercity,,254.0
u0002_britannia_sugar_organicworld_kolkata_2019-03-10,2019-03-10,u0002,britannia_sugar,organicworld,,274.5
u0004_patanjali_salt_bigbasket_ahmedabad_2019-03-12,2019-03-12,u0004,patanjali_salt,bigbasket,,385.0
u0006_dabur_sugar_walmart_ahmedabad_2019-05-21,2019-05-21,u0006,dabur_sugar,walmart,,491.5
u0005_britannia_shampoo_hypercity_hyderabad_2019-02-12,2019-02-12,u0005,britannia_shampoo,hypercity,,472.0
u0009_dabur_bread_foodworld_mumbai_2019-09-01,2019-09-01,u0009,dabur_bread,foodworld,,229.0
u0008_itc_shampoo_dailyneeds_ahmedabad_2019-07-01,2019-07-01,u0008,itc_shampoo,dailyneeds,,452.0
u0008_dabur_soap_nature_hyderabad_2019-03-07,2019-03-07,u0008,dabur_soap,nature,,323.5
u0006_itc_oil_more_ahmedabad_2019-10-06,2019-10-06,u0006,itc_oil,more,,134.0
u0008_britannia_oil_nilgiris_pune_2019-03-08,2019-03-08,u0008,britannia_oil,nilgiris,,168.0
u0004_itc_honey_bigbasket_chennai_2019-10-25,2019-10-25,u0004,itc_honey,bigbasket,,205.5
u0001_itc_cheese_foodhall_delhi_2019-05-26,2019-05-26,u0001,itc_cheese,foodhall,,181.5
u0009_hindustanlever_vinegar_reliancefresh_bangalore_2019-05-03,2019-05-03,u0009,hindustanlever_vinegar,reliancefresh,,416.0
u0010_patanjali_honey_nilgiris_chennai_2019-04-13,2019-04-13,u0010,patanjali_honey,nilgiris,,266.0
u0003_britannia_butter_namdhari_ahmedabad_2019-06-17,2019-06-17,u0003,britannia_butter,namdhari,,105.0
u0004_patanjali_butter_nilgiris_hyderabad_2019-10-07,2019-10-07,u0004,patanjali_butter,nilgiris,,370.5
u0005_dabur_sugar_dailyneeds_mumbai_2019-01-05,2019-01-05,u0005,dabur_sugar,dailyneeds,,131.0
u0001_dabur_bread_m.k.ahmed_hyderabad_2019-10-07,2019-10-07,u0001,dabur_bread,m.k.ahmed,,191.5
u0003_patanjali_salt_organicworld_delhi_2019-10-12,2019-10-12,u0003,patanjali_salt,organicworld,,303.5
u0009_britannia_bread_bigbasket_pune_2019-02-05,2019-02-05,u0009,britannia_bread,bigbasket,,350.5
u0005_itc_rice_foodhall_mumbai_2019-09-29,2019-09-29,u0005,itc_rice,foodhall,,135.0
u0006_itc_cheese_spencers_ahmedabad_2019-01-07,2019-01-07,u0006,itc_cheese,spencers,,137.0
u0001_patanjali_shampoo_spencers_ahmedabad_2019-06-03,2019-06-03,u0001,patanjali_shampoo,spencers,,123.5
u0004_hindustanlever_shampoo_walmart_bangalore_2018-11-21,2018-11-21,u0004,hindustanlever_shampoo,walmart,,69.5
u0001_itc_oil_bigbazaar_hyderabad_2019-09-02,2019-09-02,u0001,itc_oil,bigbazaar,,341.5
u0004_dabur_soap_reliancefresh_pune_2019-08-27,2019-08-27,u0004,dabur_soap,reliancefresh,,110.0
u0004_itc_milk_amazonfresh_ahmedabad_2019-03-29,2019-03-29,u0004,itc_milk,amazonfresh,,334.5
u0004_itc_oil_foodworld_hyderabad_2019-01-26,2019-01-26,u0004,itc_oil,foodworld,,384.0
u0002_britannia_yoghurt_spar_chennai_2019-07-25,2019-07-25,u0002,britannia_yoghurt,spar,,251.0
u0006_itc_vinegar_namdhari_mumbai_2019-08-04,2019-08-04,u0006,itc_vinegar,namdhari,,174.0
u0007_britannia_salt_organicworld_delhi_2018-12-03,2018-12-03,u0007,britannia_salt,organicworld,,194.0
u0007_hindustanlever_soap_spencers_mumbai_2019-11-01,2019-11-01,u0007,hindustanlever_soap,spencers,,326.5
u0008_marico_shampoo_dmart_mumbai_2019-02-02,2019-02-02,u0008,marico_shampoo,dmart,,35.0
u0007_patanjali_shampoo_dailyneeds_pune_2019-05-09,2019-05-09,u0007,patanjali_shampoo,dailyneeds,,462.0
u0002_godrej_soap_reliancefresh_mumbai_2019-02-07,2019-02-07,u0002,godrej_soap,reliancefresh,,364.5
u0007_patanjali_cheese_namdhari_chennai_2019-04-23,2019-04-23,u0007,patanjali_cheese,namdhari,,99.5
u0008_amul_yoghurt_foodworld_mumbai_2019-08-08,2019-08-08,u0008,amul_yoghurt,foodworld,,335.0
u0008_hindustanlever_shampoo_spencers_ahmedabad_2019-03-12,2019-03-12,u0008,hindustanlever_shampoo,spencers,,401.5
u0008_dabur_vinegar_spencers_pune_2019-06-05,2019-06-05,u0008,dabur_vinegar,spencers,,420.0
u0004_marico_oil_foodworld_bangalore_2019-06-22,2019-06-22,u0004,marico_oil,foodworld,,301.0
u0009_dabur_yoghurt_reliancefresh_delhi_2019-11-08,2019-11-08,u0009,dabur_yoghurt,reliancefresh,,66.5
u0008_britannia_milk_dailyneeds_kolkata_2019-05-17,2019-05-17,u0008,britannia_milk,dailyneeds,,223.5
u0009_godrej_oil_foodworld_ahmedabad_2018-12-01,2018-12-01,u0009,godrej_oil,foodworld,,297.0
u0008_britannia_bread_spencers_mumbai_2019-07-25,2019-07-25,u0008,britannia_bread,spencers,,11.0
u0006_dabur_rice_foodworld_pune_2019-09-24,2019-09-24,u0006,dabur_rice,foodworld,,137.5
u0003_hindustanlever_honey_foodworld_ahmedabad_2019-09-04,2019-09-04,u0003,hindustanlever_honey,foodworld,,444.5
u0007_patanjali_milk_starbazaar_ahmedabad_2019-08-03,2019-08-03,u0007,patanjali_milk,starbazaar,,165.0
u0008_patanjali_honey_spencers_delhi_2018-11-26,2018-11-26,u0008,patanjali_honey,spencers,,3.0
u0008_britannia_honey_dailyneeds_hyderabad_2018-12-15,2018-12-15,u0008,britannia_honey,dailyneeds,,119.5
u0008_nestle_bread_nature_kolkata_2018-12-25,2018-12-25,u0008,nestle_bread,nature,,144.5
u0009_patanjali_cheese_more_kolkata_2019-02-14,2019-02-14,u0009,patanjali_cheese,more,,313.5
u0001_britannia_vinegar_dailyneeds_mumbai_2019-11-18,2019-11-18,u0001,britannia_vinegar,dailyneeds,,448.0
u0007_hindustanlever_vinegar_foodhall_bangalore_2019-05-18,2019-05-18,u0007,hindustanlever_vinegar,foodhall,,32.0
u0003_patanjali_salt_reliancefresh_hyderabad_2019-07-06,2019-07-06,u0003,patanjali_salt,reliancefresh,,481.0
u0003_dabur_shampoo_bigbasket_hyderabad_2019-02-14,2019-02-14,u0003,dabur_shampoo,bigbasket,,282.0
u0009_itc_pulse_walmart_pune_2019-07-07,2019-07-07,u0009,itc_pulse,walmart,,129.5
u0009_patanjali_cheese_namdhari_pune_2019-03-22,2019-03-22,u0009,patanjali_cheese,namdhari,,30.0
u0001_dabur_salt_hypercity_pune_2019-01-07,2019-01-07,u0001,dabur_salt,hypercity,,9.0
u0004_itc_oil_more_hyderabad_2019-03-06,2019-03-06,u0004,itc_oil,more,,83.5
u0008_nestle_yoghurt_bigbasket_delhi_2019-10-28,2019-10-28,u0008,nestle_yoghurt,bigbasket,,292.0
u0003_hindustanlever_pulse_walmart_mumbai_2019-07-06,2019-07-06,u0003,hindustanlever_pulse,walmart,,405.5
u0010_marico_soap_organicworld_hyderabad_2019-01-31,2019-01-31,u0010,marico_soap,organicworld,,499.0
u0005_patanjali_milk_bigbasket_bangalore_2019-10-24,2019-10-24,u0005,patanjali_milk,bigbasket,,491.5
u0002_britannia_butter_more_delhi_2018-12-23,2018-12-23,u0002,britannia_butter,more,,383.0
u0004_britannia_oil_hypercity_kolkata_2019-06-21,2019-06-21,u0004,britannia_oil,hypercity,,437.5
u0009_godrej_shampoo_nilgiris_kolkata_2019-04-09,2019-04-09,u0009,godrej_shampoo,nilgiris,,71.5
u0007_hindustanlever_pulse_reliancefresh_bangalore_2019-01-19,2019-01-19,u0007,hindustanlever_pulse,reliancefresh,,495.0
u0005_hindustanlever_vinegar_organicworld_mumbai_2019-11-16,2019-11-16,u0005,hindustanlever_vinegar,organicworld,,69.0
u0009_dabur_sugar_foodworld_chennai_2019-08-16,2019-08-16,u0009,dabur_sugar,foodworld,,259.0
u0009_marico_shampoo_amazonfresh_ahmedabad_2019-10-11,2019-10-11,u0009,marico_shampoo,amazonfresh,,96.5
u0002_hindustanlever_shampoo_walmart_pune_2019-02-13,2019-02-13,u0002,hindustanlever_shampoo,walmart,,146.5
u0001_patanjali_shampoo_bigbazaar_mumbai_2019-09-11,2019-09-11,u0001,patanjali_shampoo,bigbazaar,,29.5
u0002_dabur_flour_namdhari_delhi_2018-12-09,2018-12-09,u0002,dabur_flour,namdhari,,19.5
u0006_nestle_butter_dailyneeds_pune_2018-11-26,2018-11-26,u0006,nestle_butter,dailyneeds,,413.5
u0005_itc_honey_m.k.ahmed_chennai_2019-08-03,2019-08-03,u0005,itc_honey,m.k.ahmed,,147.0
u0007_nestle_milk_foodhall_delhi_2019-07-13,2019-07-13,u0007,nestle_milk,foodhall,,159.5
u0010_patanjali_pulse_spencers_chennai_2019-03-11,2019-03-11,u0010,patanjali_pulse,spencers,,263.0
u0006_dabur_honey_namdhari_kolkata_2019-05-20,2019-05-20,u0006,dabur_honey,namdhari,,84.5
u0007_itc_cheese_foodworld_mumbai_2018-12-04,2018-12-04,u0007,itc_cheese,foodworld,,146.5
u0003_godrej_shampoo_dailyneeds_chennai_2019-02-28,2019-02-28,u0003,godrej_shampoo,dailyneeds,,442.0
u0009_nestle_cheese_bigbasket_ahmedabad_2019-06-05,2019-06-05,u0009,nestle_cheese,bigbasket,,54.0
u0003_itc_cheese_foodworld_mumbai_2019-06-19,2019-06-19,u0003,itc_cheese,foodworld,,476.0
u0003_nestle_honey_spar_chennai_2019-04-05,2019-04-05,u0003,nestle_honey,spar,,363.0
u0007_dabur_flour_nilgiris_delhi_2019-07-27,2019-07-27,u0007,dabur_flour,nilgiris,,362.5
u0006_nestle_yoghurt_organicworld_pune_2019-02-28,2019-02-28,u0006,nestle_yoghurt,organicworld,,15.5
u0005_britannia_oil_walmart_ahmedabad_2019-04-18,2019-04-18,u0005,britannia_oil,walmart,,136.5
u0006_patanjali_rice_dailyneeds_hyderabad_2018-11-20,2018-11-20,u0006,patanjali_rice,dailyneeds,,236.5
u0008_marico_shampoo_dailyneeds_hyderabad_2019-10-05,2019-10-05,u0008,marico_shampoo,dailyneeds,,380.0
u0003_itc_butter_nature_hyderabad_2019-09-23,2019-09-23,u0003,itc_butter,nature,,64.5
u0005_itc_pulse_hypercity_mumbai_2018-12-02,2018-12-02,u0005,itc_pulse,hypercity,,16.0
u0003_dabur_sugar_starbazaar_kolkata_2019-09-30,2019-09-30,u0003,dabur_sugar,starbazaar,,473.0
u0004_patanjali_salt_spar_hyderabad_2019-01-02,2019-01-02,u0004,patanjali_salt,spar,,77.5
u0001_britannia_yoghurt_dailyneeds_pune_2018-11-28,2018-11-28,u0001,britannia_yoghurt,dailyneeds,,258.0
u0006_dabur_salt_organicworld_kolkata_2019-01-14,2019-01-14,u0006,dabur_salt,organicworld,,238.5
u0009_dabur_yoghurt_nature_chennai_2018-12-06,2018-12-06,u0009,dabur_yoghurt,nature,,454.0
u0009_marico_soap_foodhall_bangalore_2019-07-07,2019-07-07,u0009,marico_soap,foodhall,,255.5
u0007_britannia_sugar_nilgiris_delhi_2019-10-03,2019-10-03,u0007,britannia_sugar,nilgiris,,289.5
u0005_hindustanlever_honey_organicworld_chennai_2019-04-09,2019-04-09,u0005,hindustanlever_honey,organicworld,,235.0
u0009_patanjali_rice_nilgiris_pune_2018-12-14,2018-12-14,u0009,patanjali_rice,nilgiris,,108.5
u0004_amul_milk_foodworld_hyderabad_2019-03-29,2019-03-29,u0004,amul_milk,foodworld,,343.0
u0008_patanjali_salt_foodworld_pune_2019-03-17,2019-03-17,u0008,patanjali_salt,foodworld,,292.0
u0004_hindustanlever_honey_starbazaar_hyderabad_2019-08-05,2019-08-05,u0004,hindustanlever_honey,starbazaar,,185.5
u0008_britannia_milk_walmart_pune_2019-05-07,2019-05-07,u0008,britannia_milk,walmart,,469.0
u0005_britannia_cheese_bigbasket_delhi_2019-03-29,2019-03-29,u0005,britannia_cheese,bigbasket,,135.5
u0008_nestle_butter_dailyneeds_delhi_2018-12-17,2018-12-17,u0008,nestle_butter,dailyneeds,,240.0
u0001_itc_vinegar_amazonfresh_mumbai_2019-03-20,2019-03-20,u0001,itc_vinegar,amazonfresh,,335.0
u0010_itc_butter_dailyneeds_hyderabad_2019-10-27,2019-10-27,u0010,itc_butter,dailyneeds,,271.0
u0010_itc_yoghurt_foodworld_delhi_2019-11-12,2019-11-12,u0010,itc_yoghurt,foodworld,,490.0
u0009_hindustanlever_honey_more_bangalore_2019-09-06,2019-09-06,u0009,hindustanlever_honey,more,,358.5
u0005_britannia_cheese_nilgiris_chennai_2019-01-10,2019-01-10,u0005,britannia_cheese,nilgiris,,380.5
u0010_hindustanlever_sugar_spencers_pune_2019-01-05,2019-01-05,u0010,hindustanlever_sugar,spencers,,60.5
u0005_nestle_bread_dailyneeds_delhi_2019-08-26,2019-08-26,u0005,nestle_bread,dailyneeds,,231.5
u0005_hindustanlever_salt_dailyneeds_delhi_2019-06-22,2019-06-22,u0005,hindustanlever_salt,dailyneeds,,81.0
u0006_hindustanlever_sugar_dailyneeds_chennai_2019-05-23,2019-05-23,u0006,hindustanlever_sugar,dailyneeds,,244.0
u0006_marico_oil_bigbazaar_kolkata_2019-08-03,2019-08-03,u0006,marico_oil,bigbazaar,,414.0
u0002_hindustanlever_oil_organicworld_ahmedabad_2019-09-10,2019-09-10,u0002,hindustanlever_oil,organicworld,,154.0
u0003_dabur_butter_more_kolkata_2019-04-08,2019-04-08,u0003,dabur_butter,more,,213.5
u0003_patanjali_shampoo_amazonfresh_chennai_2018-12-09,2018-12-09,u0003,patanjali_shampoo,amazonfresh,,177.5
u0010_dabur_vinegar_reliancefresh_delhi_2019-03-31,2019-03-31,u0010,dabur_vinegar,reliancefresh,,494.5
u0003_patanjali_yoghurt_foodhall_chennai_2018-11-27,2018-11-27,u0003,patanjali_yoghurt,foodhall,,121.5
u0001_hindustanlever_soap_reliancefresh_mumbai_2019-06-26,2019-06-26,u0001,hindustanlever_soap,reliancefresh,,94.5
u0005_patanjali_sugar_hypercity_pune_2019-08-20,2019-08-20,u0005,patanjali_sugar,hypercity,,267.0
u0005_dabur_salt_bigbasket_kolkata_2019-11-07,2019-11-07,u0005,dabur_salt,bigbasket,,294.0
u0007_marico_soap_spar_delhi_2019-06-04,2019-06-04,u0007,marico_soap,spar,,399.0
u0009_patanjali_salt_starbazaar_ahmedabad_2019-02-28,2019-02-28,u0009,patanjali_salt,starbazaar,,164.0
u0009_hindustanlever_salt_amazonfresh_pune_2019-03-19,2019-03-19,u0009,hindustanlever_salt,amazonfresh,,28.5
u0006_parle_sugar_nilgiris_ahmedabad_2019-10-04,2019-10-04,u0006,parle_sugar,nilgiris,,35.5
u0008_britannia_soap_organicworld_mumbai_2019-01-23,2019-01-23,u0008,britannia_soap,organicworld,,466.0
u0009_nestle_honey_starbazaar_chennai_2019-05-23,2019-05-23,u0009,nestle_honey,starbazaar,,474.5
u0004_dabur_yoghurt_more_delhi_2019-11-06,2019-11-06,u0004,dabur_yoghurt,more,,414.0
u0005_hindustanlever_shampoo_amazonfresh_mumbai_2019-01-18,2019-01-18,u0005,hindustanlever_shampoo,amazonfresh,,337.5
u0006_nestle_milk_organicworld_bangalore_2019-07-17,2019-07-17,u0006,nestle_milk,organicworld,,204.5
u0008_dabur_vinegar_spencers_chennai_2019-10-08,2019-10-08,u0008,dabur_vinegar,spencers,,310.0
u0007_itc_oil_dmart_kolkata_2019-07-31,2019-07-31,u0007,itc_oil,dmart,,174.5
u0004_patanjali_salt_bigbasket_hyderabad_2019-04-02,2019-04-02,u0004,patanjali_salt,bigbasket,,358.0
u0010_patanjali_shampoo_amazonfresh_hyderabad_2018-12-28,2018-12-28,u0010,patanjali_shampoo,amazonfresh,,451.5
u0004_britannia_shampoo_nilgiris_mumbai_2019-03-07,2019-03-07,u0004,britannia_shampoo,nilgiris,,200.0
u0008_amul_yoghurt_dailyneeds_bangalore_2018-11-21,2018-11-21,u0008,amul_yoghurt,dailyneeds,,144.5
u0009_patanjali_butter_m.k.ahmed_bangalore_2019-10-14,2019-10-14,u0009,patanjali_butter,m.k.ahmed,,279.0
u0008_dabur_honey_walmart_pune_2019-11-07,2019-11-07,u0008,dabur_honey,walmart,,62.5
u0005_nestle_butter_spencers_kolkata_2019-02-24,2019-02-24,u0005,nestle_butter,spencers,,236.5
u0009_dabur_bread_bigbazaar_mumbai_2019-06-23,2019-06-23,u0009,dabur_bread,bigbazaar,,140.0
u0006_itc_oil_reliancefresh_ahmedabad_2019-02-17,2019-02-17,u0006,itc_oil,reliancefresh,,95.5
u0007_hindustanlever_rice_spar_bangalore_2019-03-18,2019-03-18,u0007,hindustanlever_rice,spar,,227.5
u0003_dabur_bread_foodworld_kolkata_2019-07-22,2019-07-22,u0003,dabur_bread,foodworld,,238.5
u0004_itc_bread_more_chennai_2019-01-15,2019-01-15,u0004,itc_bread,more,,294.5
u0006_britannia_bread_amazonfresh_bangalore_2019-07-20,2019-07-20,u0006,britannia_bread,amazonfresh,,313.5
u0007_marico_shampoo_amazonfresh_kolkata_2019-03-26,2019-03-26,u0007,marico_shampoo,amazonfresh,,434.5
u0008_britannia_shampoo_amazonfresh_ahmedabad_2019-06-15,2019-06-15,u0008,britannia_shampoo,amazonfresh,,415.5
u0006_dabur_rice_hypercity_hyderabad_2019-09-26,2019-09-26,u0006,dabur_rice,hypercity,,271.5
u0005_hindustanlever_honey_hypercity_chennai_2019-10-26,2019-10-26,u0005,hindustanlever_honey,hypercity,,284.5
u0006_parle_sugar_nature_bangalore_2019-02-27,2019-02-27,u0006,parle_sugar,nature,,73.5
u0006_nestle_milk_dmart_delhi_2019-04-24,2019-04-24,u0006,nestle_milk,dmart,,330.5
u0010_britannia_yoghurt_organicworld_ahmedabad_2019-07-08,2019-07-08,u0010,britannia_yoghurt,organicworld,,421.0
u0007_parle_yoghurt_reliancefresh_kolkata_2019-04-12,2019-04-12,u0007,parle_yoghurt,reliancefresh,,17.5
u0009_dabur_soap_spar_bangalore_2019-01-24,2019-01-24,u0009,dabur_soap,spar,,322.5
u0009_dabur_vinegar_bigbasket_ahmedabad_2019-11-11,2019-11-11,u0009,dabur_vinegar,bigbasket,,60.5
u0001_marico_soap_m.k.ahmed_mumbai_2019-07-26,2019-07-26,u0001,marico_soap,m.k.ahmed,,79.0
u0001_marico_oil_nature_hyderabad_2019-03-20,2019-03-20,u0001,marico_oil,nature,,452.0
u0009_nestle_yoghurt_foodworld_ahmedabad_2019-05-21,2019-05-21,u0009,nestle_yoghurt,foodworld,,60.0
u0004_dabur_milk_bigbasket_chennai_2019-06-15,2019-06-15,u0004,dabur_milk,bigbasket,,103.5
u0009_patanjali_salt_foodworld_kolkata_2019-07-21,2019-07-21,u0009,patanjali_salt,foodworld,,322.0
u0010_itc_pulse_bigbasket_pune_2019-04-27,2019-04-27,u0010,itc_pulse,bigbasket,,287.5
u0001_britannia_soap_amazonfresh_chennai_2019-10-29,2019-10-29,u0001,britannia_soap,amazonfresh,,200.0
u0007_nestle_cheese_m.k.ahmed_mumbai_2019-07-07,2019-07-07,u0007,nestle_cheese,m.k.ahmed,,186.0
u0005_nestle_milk_nature_ahmedabad_2019-05-09,2019-05-09,u0005,nestle_milk,nature,,123.5
u0005_parle_sugar_hypercity_kolkata_2019-10-11,2019-10-11,u0005,parle_sugar,hypercity,,92.0
u0009_itc_sugar_reliancefresh_hyderabad_2019-03-18,2019-03-18,u0009,itc_sugar,reliancefresh,,438.0
u0009_patanjali_yoghurt_foodworld_kolkata_2019-07-29,2019-07-29,u0009,patanjali_yoghurt,foodworld,,264.5
u0008_parle_yoghurt_organicworld_chennai_2019-07-17,2019-07-17,u0008,parle_yoghurt,organicworld,,482.0
u0003_parle_yoghurt_nature_delhi_2019-03-29,2019-03-29,u0003,parle_yoghurt,nature,,46.5
u0009_itc_honey_foodworld_pune_2019-05-25,2019-05-25,u0009,itc_honey,foodworld,,54.5
u0001_marico_soap_organicworld_hyderabad_2018-12-10,2018-12-10,u0001,marico_soap,organicworld,,125.5
u0006_godrej_soap_dmart_ahmedabad_2019-10-01,2019-10-01,u0006,godrej_soap,dmart,,206.0
u0008_hindustanlever_soap_walmart_pune_2019-09-11,2019-09-11,u0008,hindustanlever_soap,walmart,,288.0
u0002_patanjali_butter_more_bangalore_2019-04-11,2019-04-11,u0002,patanjali_butter,more,,19.5
u0007_britannia_salt_reliancefresh_mumbai_2018-12-16,2018-12-16,u0007,britannia_salt,reliancefresh,,127.5
u0002_itc_pulse_m.k.ahmed_chennai_2019-09-18,2019-09-18,u0002,itc_pulse,m.k.ahmed,,189.5
u0008_britannia_bread_m.k.ahmed_mumbai_2019-01-07,2019-01-07,u0008,britannia_bread,m.k.ahmed,,467.5
u0002_britannia_soap_amazonfresh_pune_2019-07-10,2019-07-10,u0002,britannia_soap,amazonfresh,,289.5
u0008_dabur_vinegar_foodworld_chennai_2019-06-25,2019-06-25,u0008,dabur_vinegar,foodworld,,247.5
u0003_parle_milk_m.k.ahmed_pune_2019-08-07,2019-08-07,u0003,parle_milk,m.k.ahmed,,101.5
u0005_itc_oil_bigbasket_chennai_2019-09-18,2019-09-18,u0005,itc_oil,bigbasket,,227.0
u0008_patanjali_salt_organicworld_kolkata_2019-07-25,2019-07-25,u0008,patanjali_salt,organicworld,,293.5
u0006_dabur_rice_walmart_hyderabad_2018-12-12,2018-12-12,u0006,dabur_rice,walmart,,212.5
u0001_amul_butter_foodhall_bangalore_2018-12-01,2018-12-01,u0001,amul_butter,foodhall,,79.0
u0001_britannia_butter_foodhall_kolkata_2019-02-11,2019-02-11,u0001,britannia_butter,foodhall,,466.0
u0010_nestle_bread_dmart_bangalore_2018-12-27,2018-12-27,u0010,nestle_bread,dmart,,243.0
u0006_marico_shampoo_spencers_bangalore_2019-03-18,2019-03-18,u0006,marico_shampoo,spencers,,135.0
u0001_patanjali_butter_spar_kolkata_2019-02-26,2019-02-26,u0001,patanjali_butter,spar,,96.0
u0001_nestle_sugar_reliancefresh_pune_2019-01-27,2019-01-27,u0001,nestle_sugar,reliancefresh,,355.0
u0004_itc_vinegar_reliancefresh_chennai_2019-04-29,2019-04-29,u0004,itc_vinegar,reliancefresh,,27.0
u0009_britannia_vinegar_hypercity_hyderabad_2019-01-14,2019-01-14,u0009,britannia_vinegar,hypercity,,185.0
u0008_itc_butter_reliancefresh_ahmedabad_2018-11-27,2018-11-27,u0008,itc_butter,reliancefresh,,347.0
u0007_itc_shampoo_bigbazaar_bangalore_2018-11-23,2018-11-23,u0007,itc_shampoo,bigbazaar,,207.5
u0009_itc_salt_namdhari_mumbai_2018-12-10,2018-12-10,u0009,itc_salt,namdhari,,60.5
u0002_marico_shampoo_reliancefresh_bangalore_2019-11-09,2019-11-09,u0002,marico_shampoo,reliancefresh,,464.5
u0010_parle_salt_walmart_ahmedabad_2019-02-09,2019-02-09,u0010,parle_salt,walmart,,69.5
u0009_britannia_vinegar_amazonfresh_hyderabad_2019-01-20,2019-01-20,u0009,britannia_vinegar,amazonfresh,,427.0
u0006_itc_salt_dailyneeds_chennai_2019-06-17,2019-06-17,u0006,itc_salt,dailyneeds,,105.0
u0005_dabur_vinegar_organicworld_pune_2019-03-30,2019-03-30,u0005,dabur_vinegar,organicworld,,367.5
u0009_dabur_honey_dailyneeds_delhi_2019-09-22,2019-09-22,u0009,dabur_honey,dailyneeds,,390.5
u0003_dabur_vinegar_bigbazaar_pune_2018-12-10,2018-12-10,u0003,dabur_vinegar,bigbazaar,,384.5
u0003_godrej_shampoo_foodhall_mumbai_2018-12-11,2018-12-11,u0003,godrej_shampoo,foodhall,,184.0
u0005_patanjali_butter_bigbazaar_kolkata_2019-03-16,2019-03-16,u0005,patanjali_butter,bigbazaar,,341.0
u0007_patanjali_bread_amazonfresh_ahmedabad_2018-12-03,2018-12-03,u0007,patanjali_bread,amazonfresh,,378.5
u0002_godrej_soap_dailyneeds_ahmedabad_2019-09-01,2019-09-01,u0002,godrej_soap,dailyneeds,,197.5
u0004_parle_salt_m.k.ahmed_delhi_2019-10-24,2019-10-24,u0004,parle_salt,m.k.ahmed,,352.5
u0006_itc_rice_amazonfresh_bangalore_2019-03-12,2019-03-12,u0006,itc_rice,amazonfresh,,83.5
u0008_britannia_honey_amazonfresh_ahmedabad_2019-08-18,2019-08-18,u0008,britannia_honey,amazonfresh,,123.0
u0010_nestle_milk_reliancefresh_kolkata_2019-09-20,2019-09-20,u0010,nestle_milk,reliancefresh,,11.0
u0005_godrej_shampoo_spar_delhi_2019-02-25,2019-02-25,u0005,godrej_shampoo,spar,,201.5
u0001_britannia_honey_nature_hyderabad_2019-07-06,2019-07-06,u0001,britannia_honey,nature,,339.5
u0002_parle_milk_dmart_bangalore_2018-12-25,2018-12-25,u0002,parle_milk,dmart,,288.5
u0004_hindustanlever_vinegar_walmart_delhi_2018-12-09,2018-12-09,u0004,hindustanlever_vinegar,walmart,,6.0
u0001_dabur_soap_amazonfresh_chennai_2018-12-03,2018-12-03,u0001,dabur_soap,amazonfresh,,99.0
u0008_patanjali_shampoo_nature_mumbai_2019-06-17,2019-06-17,u0008,patanjali_shampoo,nature,,84.0
u0010_nestle_honey_nilgiris_mumbai_2019-01-31,2019-01-31,u0010,nestle_honey,nilgiris,,207.5
u0007_britannia_yoghurt_spencers_bangalore_2019-02-19,2019-02-19,u0007,britannia_yoghurt,spencers,,484.0
u0001_britannia_soap_walmart_ahmedabad_2019-03-28,2019-03-28,u0001,britannia_soap,walmart,,307.5
u0001_marico_soap_bigbazaar_kolkata_2019-05-30,2019-05-30,u0001,marico_soap,bigbazaar,,0.5
u0005_dabur_soap_walmart_hyderabad_2019-01-19,2019-01-19,u0005,dabur_soap,walmart,,204.0
u0004_itc_salt_spencers_hyderabad_2019-05-04,2019-05-04,u0004,itc_salt,spencers,,2.5
u0004_dabur_rice_spar_pune_2019-09-11,2019-09-11,u0004,dabur_rice,spar,,222.0
u0001_dabur_bread_spar_bangalore_2019-09-02,2019-09-02,u0001,dabur_bread,spar,,300.5
u0003_britannia_salt_spar_hyderabad_2019-04-20,2019-04-20,u0003,britannia_salt,spar,,472.0
u0001_britannia_salt_organicworld_hyderabad_2019-06-12,2019-06-12,u0001,britannia_salt,organicworld,,162.5
u0009_itc_pulse_foodhall_bangalore_2019-06-13,2019-06-13,u0009,itc_pulse,foodhall,,123.0
u0005_itc_bread_foodworld_kolkata_2019-10-23,2019-10-23,u0005,itc_bread,foodworld,,31.5
u0010_britannia_salt_amazonfresh_hyderabad_2019-07-14,2019-07-14,u0010,britannia_salt,amazonfresh,,447.0
u0010_hindustanlever_oil_bigbasket_kolkata_2019-10-26,2019-10-26,u0010,hindustanlever_oil,bigbasket,,268.0
u0008_patanjali_rice_spencers_chennai_2019-06-30,2019-06-30,u0008,patanjali_rice,spencers,,434.0
u0010_britannia_pulse_m.k.ahmed_bangalore_2019-10-29,2019-10-29,u0010,britannia_pulse,m.k.ahmed,,179.5
u0008_dabur_milk_nilgiris_chennai_2019-11-07,2019-11-07,u0008,dabur_milk,nilgiris,,241.5
u0008_godrej_oil_namdhari_bangalore_2019-01-17,2019-01-17,u0008,godrej_oil,namdhari,,214.5
u0006_patanjali_rice_dailyneeds_ahmedabad_2019-05-15,2019-05-15,u0006,patanjali_rice,dailyneeds,,131.0
u0005_nestle_sugar_foodworld_ahmedabad_2019-04-18,2019-04-18,u0005,nestle_sugar,foodworld,,461.0
u0006_britannia_cheese_amazonfresh_chennai_2019-01-14,2019-01-14,u0006,britannia_cheese,amazonfresh,,336.0
u0010_godrej_oil_spar_mumbai_2018-12-19,2018-12-19,u0010,godrej_oil,spar,,74.5
u0008_amul_cheese_more_hyderabad_2019-03-16,2019-03-16,u0008,amul_cheese,more,,48.5
u0002_amul_butter_walmart_delhi_2019-05-27,2019-05-27,u0002,amul_butter,walmart,,349.5
u0008_patanjali_bread_hypercity_ahmedabad_2019-10-29,2019-10-29,u0008,patanjali_bread,hypercity,,347.5
u0003_britannia_yoghurt_dmart_bangalore_2019-08-19,2019-08-19,u0003,britannia_yoghurt,dmart,,481.5
u0006_patanjali_cheese_foodworld_pune_2019-11-16,2019-11-16,u0006,patanjali_cheese,foodworld,,468.5
u0006_nestle_butter_more_delhi_2019-07-07,2019-07-07,u0006,nestle_butter,more,,2.0
u0002_parle_milk_bigbazaar_hyderabad_2019-10-11,2019-10-11,u0002,parle_milk,bigbazaar,,312.5
u0003_itc_salt_more_hyderabad_2019-10-22,2019-10-22,u0003,itc_salt,more,,41.5
u0010_britannia_butter_hypercity_chennai_2019-09-07,2019-09-07,u0010,britannia_butter,hypercity,,491.5
u0004_nestle_cheese_dmart_chennai_2019-08-28,2019-08-28,u0004,nestle_cheese,dmart,,363.0
u0006_parle_yoghurt_starbazaar_bangalore_2019-01-22,2019-01-22,u0006,parle_yoghurt,starbazaar,,61.0
u0010_hindustanlever_soap_nature_delhi_2019-03-27,2019-03-27,u0010,hindustanlever_soap,nature,,111.0
u0004_godrej_soap_spencers_mumbai_2019-10-03,2019-10-03,u0004,godrej_soap,spencers,,334.0
u0003_britannia_sugar_more_bangalore_2019-01-26,2019-01-26,u0003,britannia_sugar,more,,366.5
u0008_marico_soap_spencers_hyderabad_2019-03-29,2019-03-29,u0008,marico_soap,spencers,,366.5
u0001_britannia_vinegar_bigbazaar_mumbai_2019-09-08,2019-09-08,u0001,britannia_vinegar,bigbazaar,,432.0
u0004_amul_yoghurt_foodworld_pune_2019-03-08,2019-03-08,u0004,amul_yoghurt,foodworld,,289.5
u0006_britannia_butter_bigbazaar_chennai_2019-09-19,2019-09-19,u0006,britannia_butter,bigbazaar,,272.0
u0002_britannia_bread_starbazaar_ahmedabad_2018-11-27,2018-11-27,u0002,britannia_bread,starbazaar,,198.5
u0006_patanjali_pulse_nature_pune_2019-08-10,2019-08-10,u0006,patanjali_pulse,nature,,205.0
u0002_marico_oil_dailyneeds_bangalore_2019-07-09,2019-07-09,u0002,marico_oil,dailyneeds,,253.5
u0010_patanjali_shampoo_bigbazaar_chennai_2019-05-28,2019-05-28,u0010,patanjali_shampoo,bigbazaar,,287.5
u0008_dabur_milk_hypercity_bangalore_2019-09-12,2019-09-12,u0008,dabur_milk,hypercity,,12.0
u0009_itc_bread_hypercity_mumbai_2019-10-22,2019-10-22,u0009,itc_bread,hypercity,,342.5
u0002_dabur_vinegar_hypercity_hyderabad_2019-03-09,2019-03-09,u0002,dabur_vinegar,hypercity,,300.5
u0006_itc_sugar_amazonfresh_hyderabad_2018-11-25,2018-11-25,u0006,itc_sugar,amazonfresh,,284.0
u0010_dabur_butter_foodworld_kolkata_2019-02-02,2019-02-02,u0010,dabur_butter,foodworld,,152.0
u0007_parle_sugar_organicworld_delhi_2019-07-10,2019-07-10,u0007,parle_sugar,organicworld,,238.0
u0009_patanjali_rice_nilgiris_kolkata_2018-11-24,2018-11-24,u0009,patanjali_rice,nilgiris,,459.0
u0010_patanjali_milk_bigbazaar_delhi_2019-03-10,2019-03-10,u0010,patanjali_milk,bigbazaar,,494.0
u0003_hindustanlever_honey_spencers_mumbai_2019-01-02,2019-01-02,u0003,hindustanlever_honey,spencers,,58.0
u0008_amul_cheese_reliancefresh_delhi_2019-11-13,2019-11-13,u0008,amul_cheese,reliancefresh,,35.0
u0002_itc_pulse_organicworld_hyderabad_2019-03-05,2019-03-05,u0002,itc_pulse,organicworld,,428.5
u0008_itc_vinegar_m.k.ahmed_pune_2019-10-11,2019-10-11,u0008,itc_vinegar,m.k.ahmed,,247.5
u0010_hindustanlever_sugar_walmart_ahmedabad_2019-02-01,2019-02-01,u0010,hindustanlever_sugar,walmart,,93.0
